News	Category
Researchers developed an advanced machine learning system. The event attracted national media attention. Reference ID 1000.	Technology
The government announced a new tax policy to improve the economy. The announcement received mixed public reactions. Reference ID 1001.	Politics
Cloud computing adoption increased among businesses. Experts shared their opinions on the development. Reference ID 1002.	Technology
The singer released a new music album worldwide. Experts shared their opinions on the development. Reference ID 1003.	Entertainment
The chief minister launched a public welfare scheme. The event attracted national media attention. Reference ID 1004.	Politics
Parliament passed a new education reform bill after debate. The announcement received mixed public reactions. Reference ID 1005.	Politics
The director revealed the official movie trailer. Experts shared their opinions on the development. Reference ID 1006.	Entertainment
The actor announced an upcoming action movie. The news quickly spread across social media. Reference ID 1007.	Entertainment
The actor announced an upcoming action movie. The event attracted national media attention. Reference ID 1008.	Entertainment
Parliament passed a new education reform bill after debate. Experts shared their opinions on the development. Reference ID 1009.	Politics
The singer released a new music album worldwide. Several analysts discussed the latest updates. Reference ID 1010.	Entertainment
The company reported strong quarterly profits. The announcement received mixed public reactions. Reference ID 1011.	Business
The film received excellent reviews from critics. Officials expect significant long-term impact. Reference ID 1012.	Entertainment
The foreign minister met leaders to discuss trade relations. The news quickly spread across social media. Reference ID 1013.	Politics
A leading tech company launched a new AI model. The announcement received mixed public reactions. Reference ID 1014.	Technology
The actor announced an upcoming action movie. The news quickly spread across social media. Reference ID 1015.	Entertainment
Investors welcomed the latest financial announcement. The event attracted national media attention. Reference ID 1016.	Business
The startup introduced an innovative smart wearable device. The report highlighted important future plans. Reference ID 1017.	Technology
A cybersecurity update fixed major software vulnerabilities. The news quickly spread across social media. Reference ID 1018.	Technology
The football team lifted the national championship trophy. The announcement received mixed public reactions. Reference ID 1019.	Sports
The film received excellent reviews from critics. The report highlighted important future plans. Reference ID 1020.	Entertainment
The startup introduced an innovative smart wearable device. Several analysts discussed the latest updates. Reference ID 1021.	Technology
The actor announced an upcoming action movie. The announcement received mixed public reactions. Reference ID 1022.	Entertainment
The director revealed the official movie trailer. Officials expect significant long-term impact. Reference ID 1023.	Entertainment
Researchers developed an advanced machine learning system. The report highlighted important future plans. Reference ID 1024.	Technology
The stock market closed at a record high today. The announcement received mixed public reactions. Reference ID 1025.	Business
The annual film festival attracted thousands of visitors. Citizens welcomed the decision in many regions. Reference ID 1026.	Entertainment
A cybersecurity update fixed major software vulnerabilities. The report highlighted important future plans. Reference ID 1027.	Technology
The director revealed the official movie trailer. The announcement received mixed public reactions. Reference ID 1028.	Entertainment
The election commission released the voting schedule. The report highlighted important future plans. Reference ID 1029.	Politics
The government announced a new tax policy to improve the economy. Several analysts discussed the latest updates. Reference ID 1030.	Politics
The director revealed the official movie trailer. Several analysts discussed the latest updates. Reference ID 1031.	Entertainment
A major bank reduced interest rates for home loans. Experts shared their opinions on the development. Reference ID 1032.	Business
A major bank reduced interest rates for home loans. Officials expect significant long-term impact. Reference ID 1033.	Business
The actor announced an upcoming action movie. The report highlighted important future plans. Reference ID 1034.	Entertainment
Parliament passed a new education reform bill after debate. Several analysts discussed the latest updates. Reference ID 1035.	Politics
The football team lifted the national championship trophy. The event attracted national media attention. Reference ID 1036.	Sports
The merger created one of the largest retail companies. The announcement received mixed public reactions. Reference ID 1037.	Business
The coach announced the squad for the upcoming tournament. The event attracted national media attention. Reference ID 1038.	Sports
The film received excellent reviews from critics. Officials expect significant long-term impact. Reference ID 1039.	Entertainment
Investors welcomed the latest financial announcement. Several analysts discussed the latest updates. Reference ID 1040.	Business
A major bank reduced interest rates for home loans. The event attracted national media attention. Reference ID 1041.	Business
The football team lifted the national championship trophy. The announcement received mixed public reactions. Reference ID 1042.	Sports
The football team lifted the national championship trophy. The news quickly spread across social media. Reference ID 1043.	Sports
India won the cricket match after a thrilling chase. The report highlighted important future plans. Reference ID 1044.	Sports
The singer released a new music album worldwide. Several analysts discussed the latest updates. Reference ID 1045.	Entertainment
A leading tech company launched a new AI model. Officials expect significant long-term impact. Reference ID 1046.	Technology
Investors welcomed the latest financial announcement. Citizens welcomed the decision in many regions. Reference ID 1047.	Business
The annual film festival attracted thousands of visitors. Citizens welcomed the decision in many regions. Reference ID 1048.	Entertainment
The athlete won a gold medal in the international event. Experts shared their opinions on the development. Reference ID 1049.	Sports
Investors welcomed the latest financial announcement. The event attracted national media attention. Reference ID 1050.	Business
The merger created one of the largest retail companies. The event attracted national media attention. Reference ID 1051.	Business
The chief minister launched a public welfare scheme. The event attracted national media attention. Reference ID 1052.	Politics
Parliament passed a new education reform bill after debate. The announcement received mixed public reactions. Reference ID 1053.	Politics
The coach announced the squad for the upcoming tournament. Officials expect significant long-term impact. Reference ID 1054.	Sports
The election commission released the voting schedule. Experts shared their opinions on the development. Reference ID 1055.	Politics
The government announced a new tax policy to improve the economy. Officials expect significant long-term impact. Reference ID 1056.	Politics
The actor announced an upcoming action movie. Citizens welcomed the decision in many regions. Reference ID 1057.	Entertainment
The actor announced an upcoming action movie. The announcement received mixed public reactions. Reference ID 1058.	Entertainment
The athlete won a gold medal in the international event. The event attracted national media attention. Reference ID 1059.	Sports
The tennis player reached the finals after a tough match. Citizens welcomed the decision in many regions. Reference ID 1060.	Sports
The film received excellent reviews from critics. The report highlighted important future plans. Reference ID 1061.	Entertainment
The government announced a new tax policy to improve the economy. The report highlighted important future plans. Reference ID 1062.	Politics
The merger created one of the largest retail companies. The report highlighted important future plans. Reference ID 1063.	Business
A leading tech company launched a new AI model. Officials expect significant long-term impact. Reference ID 1064.	Technology
The election commission released the voting schedule. Several analysts discussed the latest updates. Reference ID 1065.	Politics
The company reported strong quarterly profits. Experts shared their opinions on the development. Reference ID 1066.	Business
The athlete won a gold medal in the international event. Citizens welcomed the decision in many regions. Reference ID 1067.	Sports
The athlete won a gold medal in the international event. Experts shared their opinions on the development. Reference ID 1068.	Sports
The film received excellent reviews from critics. The announcement received mixed public reactions. Reference ID 1069.	Entertainment
Cloud computing adoption increased among businesses. Citizens welcomed the decision in many regions. Reference ID 1070.	Technology
The tennis player reached the finals after a tough match. The news quickly spread across social media. Reference ID 1071.	Sports
The annual film festival attracted thousands of visitors. Citizens welcomed the decision in many regions. Reference ID 1072.	Entertainment
The athlete won a gold medal in the international event. The news quickly spread across social media. Reference ID 1073.	Sports
The coach announced the squad for the upcoming tournament. The news quickly spread across social media. Reference ID 1074.	Sports
The athlete won a gold medal in the international event. The report highlighted important future plans. Reference ID 1075.	Sports
A leading tech company launched a new AI model. Experts shared their opinions on the development. Reference ID 1076.	Technology
The startup introduced an innovative smart wearable device. Several analysts discussed the latest updates. Reference ID 1077.	Technology
The athlete won a gold medal in the international event. Citizens welcomed the decision in many regions. Reference ID 1078.	Sports
A major bank reduced interest rates for home loans. Citizens welcomed the decision in many regions. Reference ID 1079.	Business
Parliament passed a new education reform bill after debate. The announcement received mixed public reactions. Reference ID 1080.	Politics
The coach announced the squad for the upcoming tournament. The news quickly spread across social media. Reference ID 1081.	Sports
Researchers developed an advanced machine learning system. The report highlighted important future plans. Reference ID 1082.	Technology
The annual film festival attracted thousands of visitors. Experts shared their opinions on the development. Reference ID 1083.	Entertainment
A major bank reduced interest rates for home loans. The announcement received mixed public reactions. Reference ID 1084.	Business
The chief minister launched a public welfare scheme. The news quickly spread across social media. Reference ID 1085.	Politics
The company reported strong quarterly profits. The event attracted national media attention. Reference ID 1086.	Business
A leading tech company launched a new AI model. The event attracted national media attention. Reference ID 1087.	Technology
The merger created one of the largest retail companies. The announcement received mixed public reactions. Reference ID 1088.	Business
The football team lifted the national championship trophy. Officials expect significant long-term impact. Reference ID 1089.	Sports
Parliament passed a new education reform bill after debate. The report highlighted important future plans. Reference ID 1090.	Politics
The athlete won a gold medal in the international event. The report highlighted important future plans. Reference ID 1091.	Sports
Researchers developed an advanced machine learning system. Officials expect significant long-term impact. Reference ID 1092.	Technology
The government announced a new tax policy to improve the economy. The announcement received mixed public reactions. Reference ID 1093.	Politics
The singer released a new music album worldwide. The event attracted national media attention. Reference ID 1094.	Entertainment
The football team lifted the national championship trophy. Experts shared their opinions on the development. Reference ID 1095.	Sports
Researchers developed an advanced machine learning system. Several analysts discussed the latest updates. Reference ID 1096.	Technology
The singer released a new music album worldwide. Citizens welcomed the decision in many regions. Reference ID 1097.	Entertainment
Cloud computing adoption increased among businesses. The event attracted national media attention. Reference ID 1098.	Technology
India won the cricket match after a thrilling chase. Citizens welcomed the decision in many regions. Reference ID 1099.	Sports
Investors welcomed the latest financial announcement. The event attracted national media attention. Reference ID 1100.	Business
The singer released a new music album worldwide. Officials expect significant long-term impact. Reference ID 1101.	Entertainment
The annual film festival attracted thousands of visitors. Experts shared their opinions on the development. Reference ID 1102.	Entertainment
The company reported strong quarterly profits. Experts shared their opinions on the development. Reference ID 1103.	Business
The football team lifted the national championship trophy. Officials expect significant long-term impact. Reference ID 1104.	Sports
Investors welcomed the latest financial announcement. The announcement received mixed public reactions. Reference ID 1105.	Business
The actor announced an upcoming action movie. Citizens welcomed the decision in many regions. Reference ID 1106.	Entertainment
The annual film festival attracted thousands of visitors. The report highlighted important future plans. Reference ID 1107.	Entertainment
The foreign minister met leaders to discuss trade relations. Experts shared their opinions on the development. Reference ID 1108.	Politics
The football team lifted the national championship trophy. Several analysts discussed the latest updates. Reference ID 1109.	Sports
The government announced a new tax policy to improve the economy. The report highlighted important future plans. Reference ID 1110.	Politics
The actor announced an upcoming action movie. The announcement received mixed public reactions. Reference ID 1111.	Entertainment
A major bank reduced interest rates for home loans. The news quickly spread across social media. Reference ID 1112.	Business
The startup introduced an innovative smart wearable device. The report highlighted important future plans. Reference ID 1113.	Technology
The singer released a new music album worldwide. Several analysts discussed the latest updates. Reference ID 1114.	Entertainment
The singer released a new music album worldwide. The report highlighted important future plans. Reference ID 1115.	Entertainment
The coach announced the squad for the upcoming tournament. The announcement received mixed public reactions. Reference ID 1116.	Sports
The merger created one of the largest retail companies. Citizens welcomed the decision in many regions. Reference ID 1117.	Business
Parliament passed a new education reform bill after debate. The event attracted national media attention. Reference ID 1118.	Politics
Parliament passed a new education reform bill after debate. Several analysts discussed the latest updates. Reference ID 1119.	Politics
Parliament passed a new education reform bill after debate. Citizens welcomed the decision in many regions. Reference ID 1120.	Politics
The tennis player reached the finals after a tough match. Officials expect significant long-term impact. Reference ID 1121.	Sports
The company reported strong quarterly profits. The announcement received mixed public reactions. Reference ID 1122.	Business
The merger created one of the largest retail companies. Officials expect significant long-term impact. Reference ID 1123.	Business
The football team lifted the national championship trophy. The event attracted national media attention. Reference ID 1124.	Sports
The director revealed the official movie trailer. Citizens welcomed the decision in many regions. Reference ID 1125.	Entertainment
The company reported strong quarterly profits. Citizens welcomed the decision in many regions. Reference ID 1126.	Business
A leading tech company launched a new AI model. Citizens welcomed the decision in many regions. Reference ID 1127.	Technology
The election commission released the voting schedule. The report highlighted important future plans. Reference ID 1128.	Politics
The stock market closed at a record high today. The event attracted national media attention. Reference ID 1129.	Business
Cloud computing adoption increased among businesses. Several analysts discussed the latest updates. Reference ID 1130.	Technology
The actor announced an upcoming action movie. The announcement received mixed public reactions. Reference ID 1131.	Entertainment
India won the cricket match after a thrilling chase. The announcement received mixed public reactions. Reference ID 1132.	Sports
A cybersecurity update fixed major software vulnerabilities. Experts shared their opinions on the development. Reference ID 1133.	Technology
The tennis player reached the finals after a tough match. Officials expect significant long-term impact. Reference ID 1134.	Sports
A major bank reduced interest rates for home loans. The event attracted national media attention. Reference ID 1135.	Business
The athlete won a gold medal in the international event. The report highlighted important future plans. Reference ID 1136.	Sports
A leading tech company launched a new AI model. Several analysts discussed the latest updates. Reference ID 1137.	Technology
Parliament passed a new education reform bill after debate. The event attracted national media attention. Reference ID 1138.	Politics
The election commission released the voting schedule. Experts shared their opinions on the development. Reference ID 1139.	Politics
The election commission released the voting schedule. The announcement received mixed public reactions. Reference ID 1140.	Politics
The singer released a new music album worldwide. The announcement received mixed public reactions. Reference ID 1141.	Entertainment
A leading tech company launched a new AI model. The report highlighted important future plans. Reference ID 1142.	Technology
The election commission released the voting schedule. The event attracted national media attention. Reference ID 1143.	Politics
Cloud computing adoption increased among businesses. Officials expect significant long-term impact. Reference ID 1144.	Technology
The foreign minister met leaders to discuss trade relations. The news quickly spread across social media. Reference ID 1145.	Politics
Parliament passed a new education reform bill after debate. Several analysts discussed the latest updates. Reference ID 1146.	Politics
Parliament passed a new education reform bill after debate. The news quickly spread across social media. Reference ID 1147.	Politics
A cybersecurity update fixed major software vulnerabilities. The news quickly spread across social media. Reference ID 1148.	Technology
The startup introduced an innovative smart wearable device. Officials expect significant long-term impact. Reference ID 1149.	Technology
A cybersecurity update fixed major software vulnerabilities. Experts shared their opinions on the development. Reference ID 1150.	Technology
A leading tech company launched a new AI model. Experts shared their opinions on the development. Reference ID 1151.	Technology
The foreign minister met leaders to discuss trade relations. The news quickly spread across social media. Reference ID 1152.	Politics
The director revealed the official movie trailer. The news quickly spread across social media. Reference ID 1153.	Entertainment
The stock market closed at a record high today. The event attracted national media attention. Reference ID 1154.	Business
Investors welcomed the latest financial announcement. The event attracted national media attention. Reference ID 1155.	Business
The film received excellent reviews from critics. The news quickly spread across social media. Reference ID 1156.	Entertainment
The tennis player reached the finals after a tough match. The news quickly spread across social media. Reference ID 1157.	Sports
The coach announced the squad for the upcoming tournament. Citizens welcomed the decision in many regions. Reference ID 1158.	Sports
Parliament passed a new education reform bill after debate. Experts shared their opinions on the development. Reference ID 1159.	Politics
The election commission released the voting schedule. The event attracted national media attention. Reference ID 1160.	Politics
India won the cricket match after a thrilling chase. The announcement received mixed public reactions. Reference ID 1161.	Sports
Investors welcomed the latest financial announcement. Several analysts discussed the latest updates. Reference ID 1162.	Business
The singer released a new music album worldwide. Several analysts discussed the latest updates. Reference ID 1163.	Entertainment
The chief minister launched a public welfare scheme. Officials expect significant long-term impact. Reference ID 1164.	Politics
The tennis player reached the finals after a tough match. The report highlighted important future plans. Reference ID 1165.	Sports
The election commission released the voting schedule. Citizens welcomed the decision in many regions. Reference ID 1166.	Politics
Cloud computing adoption increased among businesses. Citizens welcomed the decision in many regions. Reference ID 1167.	Technology
India won the cricket match after a thrilling chase. Several analysts discussed the latest updates. Reference ID 1168.	Sports
The tennis player reached the finals after a tough match. Officials expect significant long-term impact. Reference ID 1169.	Sports
The election commission released the voting schedule. The event attracted national media attention. Reference ID 1170.	Politics
The chief minister launched a public welfare scheme. Several analysts discussed the latest updates. Reference ID 1171.	Politics
The singer released a new music album worldwide. The news quickly spread across social media. Reference ID 1172.	Entertainment
The actor announced an upcoming action movie. The announcement received mixed public reactions. Reference ID 1173.	Entertainment
A leading tech company launched a new AI model. Officials expect significant long-term impact. Reference ID 1174.	Technology
Investors welcomed the latest financial announcement. Experts shared their opinions on the development. Reference ID 1175.	Business
The stock market closed at a record high today. Several analysts discussed the latest updates. Reference ID 1176.	Business
Researchers developed an advanced machine learning system. The announcement received mixed public reactions. Reference ID 1177.	Technology
The annual film festival attracted thousands of visitors. Officials expect significant long-term impact. Reference ID 1178.	Entertainment
The director revealed the official movie trailer. Citizens welcomed the decision in many regions. Reference ID 1179.	Entertainment
The company reported strong quarterly profits. Several analysts discussed the latest updates. Reference ID 1180.	Business
The singer released a new music album worldwide. Experts shared their opinions on the development. Reference ID 1181.	Entertainment
The director revealed the official movie trailer. Officials expect significant long-term impact. Reference ID 1182.	Entertainment
The annual film festival attracted thousands of visitors. Experts shared their opinions on the development. Reference ID 1183.	Entertainment
The singer released a new music album worldwide. The announcement received mixed public reactions. Reference ID 1184.	Entertainment
The government announced a new tax policy to improve the economy. Officials expect significant long-term impact. Reference ID 1185.	Politics
A leading tech company launched a new AI model. The event attracted national media attention. Reference ID 1186.	Technology
Investors welcomed the latest financial announcement. Experts shared their opinions on the development. Reference ID 1187.	Business
The foreign minister met leaders to discuss trade relations. The news quickly spread across social media. Reference ID 1188.	Politics
A major bank reduced interest rates for home loans. Experts shared their opinions on the development. Reference ID 1189.	Business
The stock market closed at a record high today. The announcement received mixed public reactions. Reference ID 1190.	Business
The actor announced an upcoming action movie. The report highlighted important future plans. Reference ID 1191.	Entertainment
A leading tech company launched a new AI model. Several analysts discussed the latest updates. Reference ID 1192.	Technology
The football team lifted the national championship trophy. The news quickly spread across social media. Reference ID 1193.	Sports
The merger created one of the largest retail companies. The event attracted national media attention. Reference ID 1194.	Business
The chief minister launched a public welfare scheme. Several analysts discussed the latest updates. Reference ID 1195.	Politics
The foreign minister met leaders to discuss trade relations. The news quickly spread across social media. Reference ID 1196.	Politics
The foreign minister met leaders to discuss trade relations. Officials expect significant long-term impact. Reference ID 1197.	Politics
A cybersecurity update fixed major software vulnerabilities. Several analysts discussed the latest updates. Reference ID 1198.	Technology
The annual film festival attracted thousands of visitors. Officials expect significant long-term impact. Reference ID 1199.	Entertainment
The chief minister launched a public welfare scheme. Experts shared their opinions on the development. Reference ID 1200.	Politics
A major bank reduced interest rates for home loans. The announcement received mixed public reactions. Reference ID 1201.	Business
The coach announced the squad for the upcoming tournament. Several analysts discussed the latest updates. Reference ID 1202.	Sports
The film received excellent reviews from critics. The report highlighted important future plans. Reference ID 1203.	Entertainment
The merger created one of the largest retail companies. The announcement received mixed public reactions. Reference ID 1204.	Business
The singer released a new music album worldwide. Several analysts discussed the latest updates. Reference ID 1205.	Entertainment
The chief minister launched a public welfare scheme. Experts shared their opinions on the development. Reference ID 1206.	Politics
The startup introduced an innovative smart wearable device. The announcement received mixed public reactions. Reference ID 1207.	Technology
The director revealed the official movie trailer. Several analysts discussed the latest updates. Reference ID 1208.	Entertainment
The company reported strong quarterly profits. The news quickly spread across social media. Reference ID 1209.	Business
The foreign minister met leaders to discuss trade relations. The announcement received mixed public reactions. Reference ID 1210.	Politics
The athlete won a gold medal in the international event. Several analysts discussed the latest updates. Reference ID 1211.	Sports
Researchers developed an advanced machine learning system. Several analysts discussed the latest updates. Reference ID 1212.	Technology
The election commission released the voting schedule. The news quickly spread across social media. Reference ID 1213.	Politics
The merger created one of the largest retail companies. The event attracted national media attention. Reference ID 1214.	Business
Parliament passed a new education reform bill after debate. Experts shared their opinions on the development. Reference ID 1215.	Politics
The merger created one of the largest retail companies. The event attracted national media attention. Reference ID 1216.	Business
Researchers developed an advanced machine learning system. The event attracted national media attention. Reference ID 1217.	Technology
The startup introduced an innovative smart wearable device. Citizens welcomed the decision in many regions. Reference ID 1218.	Technology
The election commission released the voting schedule. Experts shared their opinions on the development. Reference ID 1219.	Politics
A cybersecurity update fixed major software vulnerabilities. The event attracted national media attention. Reference ID 1220.	Technology
Parliament passed a new education reform bill after debate. Experts shared their opinions on the development. Reference ID 1221.	Politics
A cybersecurity update fixed major software vulnerabilities. Citizens welcomed the decision in many regions. Reference ID 1222.	Technology
The chief minister launched a public welfare scheme. The event attracted national media attention. Reference ID 1223.	Politics
The actor announced an upcoming action movie. Citizens welcomed the decision in many regions. Reference ID 1224.	Entertainment
A major bank reduced interest rates for home loans. Experts shared their opinions on the development. Reference ID 1225.	Business
A leading tech company launched a new AI model. Experts shared their opinions on the development. Reference ID 1226.	Technology
Researchers developed an advanced machine learning system. The news quickly spread across social media. Reference ID 1227.	Technology
The startup introduced an innovative smart wearable device. Citizens welcomed the decision in many regions. Reference ID 1228.	Technology
The tennis player reached the finals after a tough match. The event attracted national media attention. Reference ID 1229.	Sports
The chief minister launched a public welfare scheme. The news quickly spread across social media. Reference ID 1230.	Politics
The government announced a new tax policy to improve the economy. The event attracted national media attention. Reference ID 1231.	Politics
Investors welcomed the latest financial announcement. Officials expect significant long-term impact. Reference ID 1232.	Business
The startup introduced an innovative smart wearable device. Experts shared their opinions on the development. Reference ID 1233.	Technology
The singer released a new music album worldwide. Officials expect significant long-term impact. Reference ID 1234.	Entertainment
The merger created one of the largest retail companies. Citizens welcomed the decision in many regions. Reference ID 1235.	Business
A cybersecurity update fixed major software vulnerabilities. Several analysts discussed the latest updates. Reference ID 1236.	Technology
The startup introduced an innovative smart wearable device. The news quickly spread across social media. Reference ID 1237.	Technology
The startup introduced an innovative smart wearable device. The event attracted national media attention. Reference ID 1238.	Technology
Parliament passed a new education reform bill after debate. Officials expect significant long-term impact. Reference ID 1239.	Politics
Parliament passed a new education reform bill after debate. The report highlighted important future plans. Reference ID 1240.	Politics
The singer released a new music album worldwide. The report highlighted important future plans. Reference ID 1241.	Entertainment
The startup introduced an innovative smart wearable device. The event attracted national media attention. Reference ID 1242.	Technology
The athlete won a gold medal in the international event. The news quickly spread across social media. Reference ID 1243.	Sports
India won the cricket match after a thrilling chase. Officials expect significant long-term impact. Reference ID 1244.	Sports
Cloud computing adoption increased among businesses. The announcement received mixed public reactions. Reference ID 1245.	Technology
Researchers developed an advanced machine learning system. Citizens welcomed the decision in many regions. Reference ID 1246.	Technology
Cloud computing adoption increased among businesses. The news quickly spread across social media. Reference ID 1247.	Technology
The chief minister launched a public welfare scheme. The event attracted national media attention. Reference ID 1248.	Politics
Investors welcomed the latest financial announcement. The news quickly spread across social media. Reference ID 1249.	Business
A major bank reduced interest rates for home loans. Citizens welcomed the decision in many regions. Reference ID 1250.	Business
The chief minister launched a public welfare scheme. Several analysts discussed the latest updates. Reference ID 1251.	Politics
The film received excellent reviews from critics. Officials expect significant long-term impact. Reference ID 1252.	Entertainment
The annual film festival attracted thousands of visitors. The news quickly spread across social media. Reference ID 1253.	Entertainment
The election commission released the voting schedule. The news quickly spread across social media. Reference ID 1254.	Politics
The merger created one of the largest retail companies. The report highlighted important future plans. Reference ID 1255.	Business
A major bank reduced interest rates for home loans. Experts shared their opinions on the development. Reference ID 1256.	Business
India won the cricket match after a thrilling chase. The event attracted national media attention. Reference ID 1257.	Sports
Investors welcomed the latest financial announcement. The report highlighted important future plans. Reference ID 1258.	Business
The government announced a new tax policy to improve the economy. The event attracted national media attention. Reference ID 1259.	Politics
The director revealed the official movie trailer. The report highlighted important future plans. Reference ID 1260.	Entertainment
India won the cricket match after a thrilling chase. The news quickly spread across social media. Reference ID 1261.	Sports
The football team lifted the national championship trophy. The announcement received mixed public reactions. Reference ID 1262.	Sports
The stock market closed at a record high today. Experts shared their opinions on the development. Reference ID 1263.	Business
Parliament passed a new education reform bill after debate. The news quickly spread across social media. Reference ID 1264.	Politics
The actor announced an upcoming action movie. Several analysts discussed the latest updates. Reference ID 1265.	Entertainment
The tennis player reached the finals after a tough match. The event attracted national media attention. Reference ID 1266.	Sports
The government announced a new tax policy to improve the economy. The announcement received mixed public reactions. Reference ID 1267.	Politics
Cloud computing adoption increased among businesses. The news quickly spread across social media. Reference ID 1268.	Technology
A major bank reduced interest rates for home loans. The news quickly spread across social media. Reference ID 1269.	Business
The actor announced an upcoming action movie. Experts shared their opinions on the development. Reference ID 1270.	Entertainment
The film received excellent reviews from critics. The report highlighted important future plans. Reference ID 1271.	Entertainment
A cybersecurity update fixed major software vulnerabilities. The news quickly spread across social media. Reference ID 1272.	Technology
Investors welcomed the latest financial announcement. The news quickly spread across social media. Reference ID 1273.	Business
The singer released a new music album worldwide. Experts shared their opinions on the development. Reference ID 1274.	Entertainment
A major bank reduced interest rates for home loans. Experts shared their opinions on the development. Reference ID 1275.	Business
Parliament passed a new education reform bill after debate. The report highlighted important future plans. Reference ID 1276.	Politics
The stock market closed at a record high today. Several analysts discussed the latest updates. Reference ID 1277.	Business
The coach announced the squad for the upcoming tournament. Citizens welcomed the decision in many regions. Reference ID 1278.	Sports
The coach announced the squad for the upcoming tournament. Experts shared their opinions on the development. Reference ID 1279.	Sports
The startup introduced an innovative smart wearable device. Citizens welcomed the decision in many regions. Reference ID 1280.	Technology
The company reported strong quarterly profits. Experts shared their opinions on the development. Reference ID 1281.	Business
Cloud computing adoption increased among businesses. The announcement received mixed public reactions. Reference ID 1282.	Technology
The coach announced the squad for the upcoming tournament. The news quickly spread across social media. Reference ID 1283.	Sports
Researchers developed an advanced machine learning system. The news quickly spread across social media. Reference ID 1284.	Technology
The company reported strong quarterly profits. Several analysts discussed the latest updates. Reference ID 1285.	Business
A leading tech company launched a new AI model. The report highlighted important future plans. Reference ID 1286.	Technology
The singer released a new music album worldwide. The news quickly spread across social media. Reference ID 1287.	Entertainment
The merger created one of the largest retail companies. Experts shared their opinions on the development. Reference ID 1288.	Business
The singer released a new music album worldwide. The event attracted national media attention. Reference ID 1289.	Entertainment
Parliament passed a new education reform bill after debate. Experts shared their opinions on the development. Reference ID 1290.	Politics
The singer released a new music album worldwide. The event attracted national media attention. Reference ID 1291.	Entertainment
The government announced a new tax policy to improve the economy. Officials expect significant long-term impact. Reference ID 1292.	Politics
The merger created one of the largest retail companies. Citizens welcomed the decision in many regions. Reference ID 1293.	Business
The government announced a new tax policy to improve the economy. Officials expect significant long-term impact. Reference ID 1294.	Politics
Researchers developed an advanced machine learning system. Officials expect significant long-term impact. Reference ID 1295.	Technology
The director revealed the official movie trailer. Experts shared their opinions on the development. Reference ID 1296.	Entertainment
The startup introduced an innovative smart wearable device. Citizens welcomed the decision in many regions. Reference ID 1297.	Technology
The startup introduced an innovative smart wearable device. Officials expect significant long-term impact. Reference ID 1298.	Technology
The government announced a new tax policy to improve the economy. The announcement received mixed public reactions. Reference ID 1299.	Politics
A leading tech company launched a new AI model. Citizens welcomed the decision in many regions. Reference ID 1300.	Technology
The stock market closed at a record high today. The news quickly spread across social media. Reference ID 1301.	Business
A major bank reduced interest rates for home loans. Several analysts discussed the latest updates. Reference ID 1302.	Business
The stock market closed at a record high today. Experts shared their opinions on the development. Reference ID 1303.	Business
The company reported strong quarterly profits. Citizens welcomed the decision in many regions. Reference ID 1304.	Business
The director revealed the official movie trailer. The news quickly spread across social media. Reference ID 1305.	Entertainment
A cybersecurity update fixed major software vulnerabilities. The report highlighted important future plans. Reference ID 1306.	Technology
The chief minister launched a public welfare scheme. The news quickly spread across social media. Reference ID 1307.	Politics
The stock market closed at a record high today. The event attracted national media attention. Reference ID 1308.	Business
The chief minister launched a public welfare scheme. The announcement received mixed public reactions. Reference ID 1309.	Politics
The election commission released the voting schedule. The news quickly spread across social media. Reference ID 1310.	Politics
The foreign minister met leaders to discuss trade relations. Citizens welcomed the decision in many regions. Reference ID 1311.	Politics
A cybersecurity update fixed major software vulnerabilities. Citizens welcomed the decision in many regions. Reference ID 1312.	Technology
The actor announced an upcoming action movie. Several analysts discussed the latest updates. Reference ID 1313.	Entertainment
A cybersecurity update fixed major software vulnerabilities. Several analysts discussed the latest updates. Reference ID 1314.	Technology
The foreign minister met leaders to discuss trade relations. The announcement received mixed public reactions. Reference ID 1315.	Politics
Parliament passed a new education reform bill after debate. The announcement received mixed public reactions. Reference ID 1316.	Politics
The merger created one of the largest retail companies. The event attracted national media attention. Reference ID 1317.	Business
The startup introduced an innovative smart wearable device. The report highlighted important future plans. Reference ID 1318.	Technology
The coach announced the squad for the upcoming tournament. Officials expect significant long-term impact. Reference ID 1319.	Sports
The election commission released the voting schedule. Officials expect significant long-term impact. Reference ID 1320.	Politics
The singer released a new music album worldwide. Citizens welcomed the decision in many regions. Reference ID 1321.	Entertainment
The startup introduced an innovative smart wearable device. Citizens welcomed the decision in many regions. Reference ID 1322.	Technology
The actor announced an upcoming action movie. The news quickly spread across social media. Reference ID 1323.	Entertainment
The company reported strong quarterly profits. The news quickly spread across social media. Reference ID 1324.	Business
The stock market closed at a record high today. Experts shared their opinions on the development. Reference ID 1325.	Business
Investors welcomed the latest financial announcement. Citizens welcomed the decision in many regions. Reference ID 1326.	Business
The coach announced the squad for the upcoming tournament. The announcement received mixed public reactions. Reference ID 1327.	Sports
The election commission released the voting schedule. The announcement received mixed public reactions. Reference ID 1328.	Politics
India won the cricket match after a thrilling chase. The event attracted national media attention. Reference ID 1329.	Sports
The merger created one of the largest retail companies. Officials expect significant long-term impact. Reference ID 1330.	Business
The football team lifted the national championship trophy. The event attracted national media attention. Reference ID 1331.	Sports
Investors welcomed the latest financial announcement. The news quickly spread across social media. Reference ID 1332.	Business
The actor announced an upcoming action movie. Several analysts discussed the latest updates. Reference ID 1333.	Entertainment
A cybersecurity update fixed major software vulnerabilities. Several analysts discussed the latest updates. Reference ID 1334.	Technology
A cybersecurity update fixed major software vulnerabilities. Several analysts discussed the latest updates. Reference ID 1335.	Technology
The coach announced the squad for the upcoming tournament. The news quickly spread across social media. Reference ID 1336.	Sports
The football team lifted the national championship trophy. The news quickly spread across social media. Reference ID 1337.	Sports
The tennis player reached the finals after a tough match. The news quickly spread across social media. Reference ID 1338.	Sports
A leading tech company launched a new AI model. The event attracted national media attention. Reference ID 1339.	Technology
Researchers developed an advanced machine learning system. The news quickly spread across social media. Reference ID 1340.	Technology
The chief minister launched a public welfare scheme. Experts shared their opinions on the development. Reference ID 1341.	Politics
The government announced a new tax policy to improve the economy. The report highlighted important future plans. Reference ID 1342.	Politics
The coach announced the squad for the upcoming tournament. Citizens welcomed the decision in many regions. Reference ID 1343.	Sports
The election commission released the voting schedule. The news quickly spread across social media. Reference ID 1344.	Politics
The government announced a new tax policy to improve the economy. The news quickly spread across social media. Reference ID 1345.	Politics
The annual film festival attracted thousands of visitors. The news quickly spread across social media. Reference ID 1346.	Entertainment
The election commission released the voting schedule. Officials expect significant long-term impact. Reference ID 1347.	Politics
Investors welcomed the latest financial announcement. Several analysts discussed the latest updates. Reference ID 1348.	Business
The government announced a new tax policy to improve the economy. Citizens welcomed the decision in many regions. Reference ID 1349.	Politics
India won the cricket match after a thrilling chase. Citizens welcomed the decision in many regions. Reference ID 1350.	Sports
Researchers developed an advanced machine learning system. Experts shared their opinions on the development. Reference ID 1351.	Technology
The tennis player reached the finals after a tough match. Experts shared their opinions on the development. Reference ID 1352.	Sports
The singer released a new music album worldwide. Experts shared their opinions on the development. Reference ID 1353.	Entertainment
The startup introduced an innovative smart wearable device. Citizens welcomed the decision in many regions. Reference ID 1354.	Technology
The athlete won a gold medal in the international event. Several analysts discussed the latest updates. Reference ID 1355.	Sports
Parliament passed a new education reform bill after debate. Experts shared their opinions on the development. Reference ID 1356.	Politics
Investors welcomed the latest financial announcement. The report highlighted important future plans. Reference ID 1357.	Business
The chief minister launched a public welfare scheme. The announcement received mixed public reactions. Reference ID 1358.	Politics
Investors welcomed the latest financial announcement. Officials expect significant long-term impact. Reference ID 1359.	Business
The actor announced an upcoming action movie. Officials expect significant long-term impact. Reference ID 1360.	Entertainment
A major bank reduced interest rates for home loans. The event attracted national media attention. Reference ID 1361.	Business
A cybersecurity update fixed major software vulnerabilities. The event attracted national media attention. Reference ID 1362.	Technology
The election commission released the voting schedule. Citizens welcomed the decision in many regions. Reference ID 1363.	Politics
The merger created one of the largest retail companies. Experts shared their opinions on the development. Reference ID 1364.	Business
Researchers developed an advanced machine learning system. The event attracted national media attention. Reference ID 1365.	Technology
The company reported strong quarterly profits. Experts shared their opinions on the development. Reference ID 1366.	Business
The company reported strong quarterly profits. The event attracted national media attention. Reference ID 1367.	Business
The government announced a new tax policy to improve the economy. The event attracted national media attention. Reference ID 1368.	Politics
The film received excellent reviews from critics. The report highlighted important future plans. Reference ID 1369.	Entertainment
The football team lifted the national championship trophy. Experts shared their opinions on the development. Reference ID 1370.	Sports
The foreign minister met leaders to discuss trade relations. Officials expect significant long-term impact. Reference ID 1371.	Politics
The stock market closed at a record high today. Citizens welcomed the decision in many regions. Reference ID 1372.	Business
The singer released a new music album worldwide. Officials expect significant long-term impact. Reference ID 1373.	Entertainment
A cybersecurity update fixed major software vulnerabilities. Officials expect significant long-term impact. Reference ID 1374.	Technology
The singer released a new music album worldwide. The announcement received mixed public reactions. Reference ID 1375.	Entertainment
The chief minister launched a public welfare scheme. The report highlighted important future plans. Reference ID 1376.	Politics
The tennis player reached the finals after a tough match. Officials expect significant long-term impact. Reference ID 1377.	Sports
The chief minister launched a public welfare scheme. Citizens welcomed the decision in many regions. Reference ID 1378.	Politics
The foreign minister met leaders to discuss trade relations. The event attracted national media attention. Reference ID 1379.	Politics
The foreign minister met leaders to discuss trade relations. Officials expect significant long-term impact. Reference ID 1380.	Politics
The athlete won a gold medal in the international event. The event attracted national media attention. Reference ID 1381.	Sports
The singer released a new music album worldwide. The report highlighted important future plans. Reference ID 1382.	Entertainment
The athlete won a gold medal in the international event. The news quickly spread across social media. Reference ID 1383.	Sports
The chief minister launched a public welfare scheme. Officials expect significant long-term impact. Reference ID 1384.	Politics
A major bank reduced interest rates for home loans. The announcement received mixed public reactions. Reference ID 1385.	Business
The football team lifted the national championship trophy. The news quickly spread across social media. Reference ID 1386.	Sports
The foreign minister met leaders to discuss trade relations. Experts shared their opinions on the development. Reference ID 1387.	Politics
A leading tech company launched a new AI model. The event attracted national media attention. Reference ID 1388.	Technology
The director revealed the official movie trailer. Several analysts discussed the latest updates. Reference ID 1389.	Entertainment
A major bank reduced interest rates for home loans. The news quickly spread across social media. Reference ID 1390.	Business
The merger created one of the largest retail companies. Citizens welcomed the decision in many regions. Reference ID 1391.	Business
Investors welcomed the latest financial announcement. The report highlighted important future plans. Reference ID 1392.	Business
India won the cricket match after a thrilling chase. Experts shared their opinions on the development. Reference ID 1393.	Sports
The director revealed the official movie trailer. The report highlighted important future plans. Reference ID 1394.	Entertainment
The coach announced the squad for the upcoming tournament. The report highlighted important future plans. Reference ID 1395.	Sports
The coach announced the squad for the upcoming tournament. The event attracted national media attention. Reference ID 1396.	Sports
The government announced a new tax policy to improve the economy. Officials expect significant long-term impact. Reference ID 1397.	Politics
The startup introduced an innovative smart wearable device. Citizens welcomed the decision in many regions. Reference ID 1398.	Technology
The chief minister launched a public welfare scheme. Experts shared their opinions on the development. Reference ID 1399.	Politics
Parliament passed a new education reform bill after debate. The announcement received mixed public reactions. Reference ID 1400.	Politics
Cloud computing adoption increased among businesses. The announcement received mixed public reactions. Reference ID 1401.	Technology
The foreign minister met leaders to discuss trade relations. The event attracted national media attention. Reference ID 1402.	Politics
India won the cricket match after a thrilling chase. The announcement received mixed public reactions. Reference ID 1403.	Sports
The actor announced an upcoming action movie. The news quickly spread across social media. Reference ID 1404.	Entertainment
The coach announced the squad for the upcoming tournament. Several analysts discussed the latest updates. Reference ID 1405.	Sports
The football team lifted the national championship trophy. The announcement received mixed public reactions. Reference ID 1406.	Sports
Cloud computing adoption increased among businesses. Several analysts discussed the latest updates. Reference ID 1407.	Technology
The tennis player reached the finals after a tough match. Several analysts discussed the latest updates. Reference ID 1408.	Sports
The company reported strong quarterly profits. Several analysts discussed the latest updates. Reference ID 1409.	Business
The director revealed the official movie trailer. The news quickly spread across social media. Reference ID 1410.	Entertainment
The film received excellent reviews from critics. The news quickly spread across social media. Reference ID 1411.	Entertainment
A cybersecurity update fixed major software vulnerabilities. Experts shared their opinions on the development. Reference ID 1412.	Technology
The football team lifted the national championship trophy. The event attracted national media attention. Reference ID 1413.	Sports
The tennis player reached the finals after a tough match. Citizens welcomed the decision in many regions. Reference ID 1414.	Sports
The company reported strong quarterly profits. Several analysts discussed the latest updates. Reference ID 1415.	Business
The foreign minister met leaders to discuss trade relations. Experts shared their opinions on the development. Reference ID 1416.	Politics
The startup introduced an innovative smart wearable device. The announcement received mixed public reactions. Reference ID 1417.	Technology
Cloud computing adoption increased among businesses. The event attracted national media attention. Reference ID 1418.	Technology
A cybersecurity update fixed major software vulnerabilities. The event attracted national media attention. Reference ID 1419.	Technology
Cloud computing adoption increased among businesses. Officials expect significant long-term impact. Reference ID 1420.	Technology
A cybersecurity update fixed major software vulnerabilities. The announcement received mixed public reactions. Reference ID 1421.	Technology
The company reported strong quarterly profits. Officials expect significant long-term impact. Reference ID 1422.	Business
The actor announced an upcoming action movie. Several analysts discussed the latest updates. Reference ID 1423.	Entertainment
The film received excellent reviews from critics. Several analysts discussed the latest updates. Reference ID 1424.	Entertainment
The film received excellent reviews from critics. Experts shared their opinions on the development. Reference ID 1425.	Entertainment
Parliament passed a new education reform bill after debate. Officials expect significant long-term impact. Reference ID 1426.	Politics
Cloud computing adoption increased among businesses. The event attracted national media attention. Reference ID 1427.	Technology
Investors welcomed the latest financial announcement. Citizens welcomed the decision in many regions. Reference ID 1428.	Business
Parliament passed a new education reform bill after debate. The report highlighted important future plans. Reference ID 1429.	Politics
The athlete won a gold medal in the international event. Experts shared their opinions on the development. Reference ID 1430.	Sports
The government announced a new tax policy to improve the economy. Experts shared their opinions on the development. Reference ID 1431.	Politics
The film received excellent reviews from critics. Several analysts discussed the latest updates. Reference ID 1432.	Entertainment
The foreign minister met leaders to discuss trade relations. Citizens welcomed the decision in many regions. Reference ID 1433.	Politics
The singer released a new music album worldwide. The event attracted national media attention. Reference ID 1434.	Entertainment
The film received excellent reviews from critics. Officials expect significant long-term impact. Reference ID 1435.	Entertainment
The tennis player reached the finals after a tough match. The report highlighted important future plans. Reference ID 1436.	Sports
The football team lifted the national championship trophy. Experts shared their opinions on the development. Reference ID 1437.	Sports
The football team lifted the national championship trophy. The report highlighted important future plans. Reference ID 1438.	Sports
The government announced a new tax policy to improve the economy. Officials expect significant long-term impact. Reference ID 1439.	Politics
The startup introduced an innovative smart wearable device. Several analysts discussed the latest updates. Reference ID 1440.	Technology
The government announced a new tax policy to improve the economy. Citizens welcomed the decision in many regions. Reference ID 1441.	Politics
The annual film festival attracted thousands of visitors. The report highlighted important future plans. Reference ID 1442.	Entertainment
The annual film festival attracted thousands of visitors. The report highlighted important future plans. Reference ID 1443.	Entertainment
The football team lifted the national championship trophy. Experts shared their opinions on the development. Reference ID 1444.	Sports
The government announced a new tax policy to improve the economy. Experts shared their opinions on the development. Reference ID 1445.	Politics
The company reported strong quarterly profits. The news quickly spread across social media. Reference ID 1446.	Business
India won the cricket match after a thrilling chase. The announcement received mixed public reactions. Reference ID 1447.	Sports
The foreign minister met leaders to discuss trade relations. The news quickly spread across social media. Reference ID 1448.	Politics
The coach announced the squad for the upcoming tournament. The news quickly spread across social media. Reference ID 1449.	Sports
The annual film festival attracted thousands of visitors. The event attracted national media attention. Reference ID 1450.	Entertainment
The singer released a new music album worldwide. Several analysts discussed the latest updates. Reference ID 1451.	Entertainment
The election commission released the voting schedule. Experts shared their opinions on the development. Reference ID 1452.	Politics
Investors welcomed the latest financial announcement. Experts shared their opinions on the development. Reference ID 1453.	Business
The merger created one of the largest retail companies. The report highlighted important future plans. Reference ID 1454.	Business
The chief minister launched a public welfare scheme. Officials expect significant long-term impact. Reference ID 1455.	Politics
India won the cricket match after a thrilling chase. Several analysts discussed the latest updates. Reference ID 1456.	Sports
India won the cricket match after a thrilling chase. The announcement received mixed public reactions. Reference ID 1457.	Sports
A cybersecurity update fixed major software vulnerabilities. Experts shared their opinions on the development. Reference ID 1458.	Technology
Cloud computing adoption increased among businesses. The event attracted national media attention. Reference ID 1459.	Technology
The film received excellent reviews from critics. Several analysts discussed the latest updates. Reference ID 1460.	Entertainment
India won the cricket match after a thrilling chase. Experts shared their opinions on the development. Reference ID 1461.	Sports
The tennis player reached the finals after a tough match. The news quickly spread across social media. Reference ID 1462.	Sports
The football team lifted the national championship trophy. Citizens welcomed the decision in many regions. Reference ID 1463.	Sports
The coach announced the squad for the upcoming tournament. Citizens welcomed the decision in many regions. Reference ID 1464.	Sports
The singer released a new music album worldwide. The event attracted national media attention. Reference ID 1465.	Entertainment
The director revealed the official movie trailer. The report highlighted important future plans. Reference ID 1466.	Entertainment
The actor announced an upcoming action movie. Experts shared their opinions on the development. Reference ID 1467.	Entertainment
The company reported strong quarterly profits. Several analysts discussed the latest updates. Reference ID 1468.	Business
The coach announced the squad for the upcoming tournament. The announcement received mixed public reactions. Reference ID 1469.	Sports
The singer released a new music album worldwide. Officials expect significant long-term impact. Reference ID 1470.	Entertainment
The government announced a new tax policy to improve the economy. The announcement received mixed public reactions. Reference ID 1471.	Politics
The foreign minister met leaders to discuss trade relations. Officials expect significant long-term impact. Reference ID 1472.	Politics
Researchers developed an advanced machine learning system. Experts shared their opinions on the development. Reference ID 1473.	Technology
The government announced a new tax policy to improve the economy. Officials expect significant long-term impact. Reference ID 1474.	Politics
The government announced a new tax policy to improve the economy. Experts shared their opinions on the development. Reference ID 1475.	Politics
The foreign minister met leaders to discuss trade relations. Citizens welcomed the decision in many regions. Reference ID 1476.	Politics
The athlete won a gold medal in the international event. The announcement received mixed public reactions. Reference ID 1477.	Sports
The stock market closed at a record high today. The news quickly spread across social media. Reference ID 1478.	Business
The football team lifted the national championship trophy. The announcement received mixed public reactions. Reference ID 1479.	Sports
The government announced a new tax policy to improve the economy. The announcement received mixed public reactions. Reference ID 1480.	Politics
The startup introduced an innovative smart wearable device. The announcement received mixed public reactions. Reference ID 1481.	Technology
India won the cricket match after a thrilling chase. The news quickly spread across social media. Reference ID 1482.	Sports
A cybersecurity update fixed major software vulnerabilities. Citizens welcomed the decision in many regions. Reference ID 1483.	Technology
A major bank reduced interest rates for home loans. Experts shared their opinions on the development. Reference ID 1484.	Business
A cybersecurity update fixed major software vulnerabilities. Several analysts discussed the latest updates. Reference ID 1485.	Technology
The election commission released the voting schedule. Citizens welcomed the decision in many regions. Reference ID 1486.	Politics
The annual film festival attracted thousands of visitors. The report highlighted important future plans. Reference ID 1487.	Entertainment
Cloud computing adoption increased among businesses. Experts shared their opinions on the development. Reference ID 1488.	Technology
The stock market closed at a record high today. The event attracted national media attention. Reference ID 1489.	Business
The actor announced an upcoming action movie. Citizens welcomed the decision in many regions. Reference ID 1490.	Entertainment
The stock market closed at a record high today. The news quickly spread across social media. Reference ID 1491.	Business
The foreign minister met leaders to discuss trade relations. Several analysts discussed the latest updates. Reference ID 1492.	Politics
The coach announced the squad for the upcoming tournament. Experts shared their opinions on the development. Reference ID 1493.	Sports
The singer released a new music album worldwide. Several analysts discussed the latest updates. Reference ID 1494.	Entertainment
The government announced a new tax policy to improve the economy. Citizens welcomed the decision in many regions. Reference ID 1495.	Politics
The stock market closed at a record high today. The report highlighted important future plans. Reference ID 1496.	Business
The coach announced the squad for the upcoming tournament. Citizens welcomed the decision in many regions. Reference ID 1497.	Sports
The film received excellent reviews from critics. Officials expect significant long-term impact. Reference ID 1498.	Entertainment
Researchers developed an advanced machine learning system. The news quickly spread across social media. Reference ID 1499.	Technology
The company reported strong quarterly profits. The announcement received mixed public reactions. Reference ID 1500.	Business
The chief minister launched a public welfare scheme. The announcement received mixed public reactions. Reference ID 1501.	Politics
A cybersecurity update fixed major software vulnerabilities. The announcement received mixed public reactions. Reference ID 1502.	Technology
The merger created one of the largest retail companies. The announcement received mixed public reactions. Reference ID 1503.	Business
The stock market closed at a record high today. Citizens welcomed the decision in many regions. Reference ID 1504.	Business
The tennis player reached the finals after a tough match. Several analysts discussed the latest updates. Reference ID 1505.	Sports
Investors welcomed the latest financial announcement. Officials expect significant long-term impact. Reference ID 1506.	Business
The company reported strong quarterly profits. The report highlighted important future plans. Reference ID 1507.	Business
The athlete won a gold medal in the international event. Experts shared their opinions on the development. Reference ID 1508.	Sports
Cloud computing adoption increased among businesses. Citizens welcomed the decision in many regions. Reference ID 1509.	Technology
The singer released a new music album worldwide. The report highlighted important future plans. Reference ID 1510.	Entertainment
The film received excellent reviews from critics. Officials expect significant long-term impact. Reference ID 1511.	Entertainment
The merger created one of the largest retail companies. Several analysts discussed the latest updates. Reference ID 1512.	Business
The singer released a new music album worldwide. Officials expect significant long-term impact. Reference ID 1513.	Entertainment
The startup introduced an innovative smart wearable device. The news quickly spread across social media. Reference ID 1514.	Technology
The singer released a new music album worldwide. Several analysts discussed the latest updates. Reference ID 1515.	Entertainment
Cloud computing adoption increased among businesses. Officials expect significant long-term impact. Reference ID 1516.	Technology
The football team lifted the national championship trophy. Citizens welcomed the decision in many regions. Reference ID 1517.	Sports
The annual film festival attracted thousands of visitors. Citizens welcomed the decision in many regions. Reference ID 1518.	Entertainment
The football team lifted the national championship trophy. Citizens welcomed the decision in many regions. Reference ID 1519.	Sports
The tennis player reached the finals after a tough match. The announcement received mixed public reactions. Reference ID 1520.	Sports
India won the cricket match after a thrilling chase. The news quickly spread across social media. Reference ID 1521.	Sports
The company reported strong quarterly profits. Officials expect significant long-term impact. Reference ID 1522.	Business
A cybersecurity update fixed major software vulnerabilities. The event attracted national media attention. Reference ID 1523.	Technology
Researchers developed an advanced machine learning system. The announcement received mixed public reactions. Reference ID 1524.	Technology
The election commission released the voting schedule. The news quickly spread across social media. Reference ID 1525.	Politics
The merger created one of the largest retail companies. Experts shared their opinions on the development. Reference ID 1526.	Business
The chief minister launched a public welfare scheme. The event attracted national media attention. Reference ID 1527.	Politics
The athlete won a gold medal in the international event. Several analysts discussed the latest updates. Reference ID 1528.	Sports
The stock market closed at a record high today. Officials expect significant long-term impact. Reference ID 1529.	Business
Cloud computing adoption increased among businesses. The event attracted national media attention. Reference ID 1530.	Technology
Parliament passed a new education reform bill after debate. The event attracted national media attention. Reference ID 1531.	Politics
The annual film festival attracted thousands of visitors. The event attracted national media attention. Reference ID 1532.	Entertainment
The athlete won a gold medal in the international event. The news quickly spread across social media. Reference ID 1533.	Sports
India won the cricket match after a thrilling chase. The report highlighted important future plans. Reference ID 1534.	Sports
A major bank reduced interest rates for home loans. Several analysts discussed the latest updates. Reference ID 1535.	Business
The chief minister launched a public welfare scheme. The news quickly spread across social media. Reference ID 1536.	Politics
The company reported strong quarterly profits. Several analysts discussed the latest updates. Reference ID 1537.	Business
The merger created one of the largest retail companies. The report highlighted important future plans. Reference ID 1538.	Business
The foreign minister met leaders to discuss trade relations. The event attracted national media attention. Reference ID 1539.	Politics
The singer released a new music album worldwide. Citizens welcomed the decision in many regions. Reference ID 1540.	Entertainment
The chief minister launched a public welfare scheme. The report highlighted important future plans. Reference ID 1541.	Politics
The government announced a new tax policy to improve the economy. Several analysts discussed the latest updates. Reference ID 1542.	Politics
The singer released a new music album worldwide. Officials expect significant long-term impact. Reference ID 1543.	Entertainment
The athlete won a gold medal in the international event. Citizens welcomed the decision in many regions. Reference ID 1544.	Sports
The foreign minister met leaders to discuss trade relations. The report highlighted important future plans. Reference ID 1545.	Politics
The singer released a new music album worldwide. The report highlighted important future plans. Reference ID 1546.	Entertainment
The actor announced an upcoming action movie. Citizens welcomed the decision in many regions. Reference ID 1547.	Entertainment
The film received excellent reviews from critics. The event attracted national media attention. Reference ID 1548.	Entertainment
The company reported strong quarterly profits. Officials expect significant long-term impact. Reference ID 1549.	Business
Investors welcomed the latest financial announcement. The announcement received mixed public reactions. Reference ID 1550.	Business
The film received excellent reviews from critics. Experts shared their opinions on the development. Reference ID 1551.	Entertainment
A cybersecurity update fixed major software vulnerabilities. The event attracted national media attention. Reference ID 1552.	Technology
The stock market closed at a record high today. Experts shared their opinions on the development. Reference ID 1553.	Business
The chief minister launched a public welfare scheme. The event attracted national media attention. Reference ID 1554.	Politics
Cloud computing adoption increased among businesses. Several analysts discussed the latest updates. Reference ID 1555.	Technology
Parliament passed a new education reform bill after debate. Several analysts discussed the latest updates. Reference ID 1556.	Politics
Investors welcomed the latest financial announcement. The news quickly spread across social media. Reference ID 1557.	Business
The merger created one of the largest retail companies. The news quickly spread across social media. Reference ID 1558.	Business
The football team lifted the national championship trophy. The announcement received mixed public reactions. Reference ID 1559.	Sports
The coach announced the squad for the upcoming tournament. The news quickly spread across social media. Reference ID 1560.	Sports
The tennis player reached the finals after a tough match. The event attracted national media attention. Reference ID 1561.	Sports
A major bank reduced interest rates for home loans. Officials expect significant long-term impact. Reference ID 1562.	Business
A major bank reduced interest rates for home loans. The news quickly spread across social media. Reference ID 1563.	Business
The startup introduced an innovative smart wearable device. Several analysts discussed the latest updates. Reference ID 1564.	Technology
The company reported strong quarterly profits. The report highlighted important future plans. Reference ID 1565.	Business
The election commission released the voting schedule. Citizens welcomed the decision in many regions. Reference ID 1566.	Politics
The tennis player reached the finals after a tough match. Citizens welcomed the decision in many regions. Reference ID 1567.	Sports
The merger created one of the largest retail companies. The event attracted national media attention. Reference ID 1568.	Business
The actor announced an upcoming action movie. Citizens welcomed the decision in many regions. Reference ID 1569.	Entertainment
The tennis player reached the finals after a tough match. The event attracted national media attention. Reference ID 1570.	Sports
The government announced a new tax policy to improve the economy. Citizens welcomed the decision in many regions. Reference ID 1571.	Politics
The athlete won a gold medal in the international event. Citizens welcomed the decision in many regions. Reference ID 1572.	Sports
The actor announced an upcoming action movie. Experts shared their opinions on the development. Reference ID 1573.	Entertainment
India won the cricket match after a thrilling chase. Several analysts discussed the latest updates. Reference ID 1574.	Sports
Cloud computing adoption increased among businesses. The announcement received mixed public reactions. Reference ID 1575.	Technology
The singer released a new music album worldwide. The news quickly spread across social media. Reference ID 1576.	Entertainment
The coach announced the squad for the upcoming tournament. Citizens welcomed the decision in many regions. Reference ID 1577.	Sports
The football team lifted the national championship trophy. The event attracted national media attention. Reference ID 1578.	Sports
The singer released a new music album worldwide. The announcement received mixed public reactions. Reference ID 1579.	Entertainment
The film received excellent reviews from critics. The news quickly spread across social media. Reference ID 1580.	Entertainment
The company reported strong quarterly profits. The announcement received mixed public reactions. Reference ID 1581.	Business
The stock market closed at a record high today. The announcement received mixed public reactions. Reference ID 1582.	Business
The startup introduced an innovative smart wearable device. The news quickly spread across social media. Reference ID 1583.	Technology
The coach announced the squad for the upcoming tournament. The report highlighted important future plans. Reference ID 1584.	Sports
The actor announced an upcoming action movie. The report highlighted important future plans. Reference ID 1585.	Entertainment
The company reported strong quarterly profits. The report highlighted important future plans. Reference ID 1586.	Business
The coach announced the squad for the upcoming tournament. Officials expect significant long-term impact. Reference ID 1587.	Sports
The annual film festival attracted thousands of visitors. Experts shared their opinions on the development. Reference ID 1588.	Entertainment
The tennis player reached the finals after a tough match. The report highlighted important future plans. Reference ID 1589.	Sports
The director revealed the official movie trailer. Several analysts discussed the latest updates. Reference ID 1590.	Entertainment
A major bank reduced interest rates for home loans. The event attracted national media attention. Reference ID 1591.	Business
The stock market closed at a record high today. Officials expect significant long-term impact. Reference ID 1592.	Business
A leading tech company launched a new AI model. Experts shared their opinions on the development. Reference ID 1593.	Technology
The actor announced an upcoming action movie. Citizens welcomed the decision in many regions. Reference ID 1594.	Entertainment
The foreign minister met leaders to discuss trade relations. The report highlighted important future plans. Reference ID 1595.	Politics
The company reported strong quarterly profits. Experts shared their opinions on the development. Reference ID 1596.	Business
The coach announced the squad for the upcoming tournament. Officials expect significant long-term impact. Reference ID 1597.	Sports
A leading tech company launched a new AI model. Citizens welcomed the decision in many regions. Reference ID 1598.	Technology
The startup introduced an innovative smart wearable device. The news quickly spread across social media. Reference ID 1599.	Technology
The startup introduced an innovative smart wearable device. Citizens welcomed the decision in many regions. Reference ID 1600.	Technology
A major bank reduced interest rates for home loans. Experts shared their opinions on the development. Reference ID 1601.	Business
A cybersecurity update fixed major software vulnerabilities. Citizens welcomed the decision in many regions. Reference ID 1602.	Technology
The merger created one of the largest retail companies. Citizens welcomed the decision in many regions. Reference ID 1603.	Business
The film received excellent reviews from critics. Citizens welcomed the decision in many regions. Reference ID 1604.	Entertainment
The coach announced the squad for the upcoming tournament. The announcement received mixed public reactions. Reference ID 1605.	Sports
Researchers developed an advanced machine learning system. Citizens welcomed the decision in many regions. Reference ID 1606.	Technology
Researchers developed an advanced machine learning system. The announcement received mixed public reactions. Reference ID 1607.	Technology
The chief minister launched a public welfare scheme. The event attracted national media attention. Reference ID 1608.	Politics
The annual film festival attracted thousands of visitors. Experts shared their opinions on the development. Reference ID 1609.	Entertainment
A major bank reduced interest rates for home loans. The announcement received mixed public reactions. Reference ID 1610.	Business
The government announced a new tax policy to improve the economy. The news quickly spread across social media. Reference ID 1611.	Politics
Investors welcomed the latest financial announcement. Experts shared their opinions on the development. Reference ID 1612.	Business
The annual film festival attracted thousands of visitors. The event attracted national media attention. Reference ID 1613.	Entertainment
The singer released a new music album worldwide. The announcement received mixed public reactions. Reference ID 1614.	Entertainment
India won the cricket match after a thrilling chase. The report highlighted important future plans. Reference ID 1615.	Sports
India won the cricket match after a thrilling chase. Officials expect significant long-term impact. Reference ID 1616.	Sports
The chief minister launched a public welfare scheme. The announcement received mixed public reactions. Reference ID 1617.	Politics
The election commission released the voting schedule. Officials expect significant long-term impact. Reference ID 1618.	Politics
Cloud computing adoption increased among businesses. Several analysts discussed the latest updates. Reference ID 1619.	Technology
Researchers developed an advanced machine learning system. The event attracted national media attention. Reference ID 1620.	Technology
The election commission released the voting schedule. Experts shared their opinions on the development. Reference ID 1621.	Politics
Investors welcomed the latest financial announcement. Experts shared their opinions on the development. Reference ID 1622.	Business
Investors welcomed the latest financial announcement. Experts shared their opinions on the development. Reference ID 1623.	Business
The chief minister launched a public welfare scheme. The event attracted national media attention. Reference ID 1624.	Politics
The stock market closed at a record high today. Experts shared their opinions on the development. Reference ID 1625.	Business
Investors welcomed the latest financial announcement. Officials expect significant long-term impact. Reference ID 1626.	Business
The merger created one of the largest retail companies. The announcement received mixed public reactions. Reference ID 1627.	Business
The chief minister launched a public welfare scheme. The news quickly spread across social media. Reference ID 1628.	Politics
India won the cricket match after a thrilling chase. The event attracted national media attention. Reference ID 1629.	Sports
The government announced a new tax policy to improve the economy. The announcement received mixed public reactions. Reference ID 1630.	Politics
Parliament passed a new education reform bill after debate. The announcement received mixed public reactions. Reference ID 1631.	Politics
The coach announced the squad for the upcoming tournament. Experts shared their opinions on the development. Reference ID 1632.	Sports
Cloud computing adoption increased among businesses. The news quickly spread across social media. Reference ID 1633.	Technology
The company reported strong quarterly profits. Experts shared their opinions on the development. Reference ID 1634.	Business
Researchers developed an advanced machine learning system. The announcement received mixed public reactions. Reference ID 1635.	Technology
Cloud computing adoption increased among businesses. The report highlighted important future plans. Reference ID 1636.	Technology
A major bank reduced interest rates for home loans. Experts shared their opinions on the development. Reference ID 1637.	Business
The government announced a new tax policy to improve the economy. Experts shared their opinions on the development. Reference ID 1638.	Politics
The foreign minister met leaders to discuss trade relations. The announcement received mixed public reactions. Reference ID 1639.	Politics
A major bank reduced interest rates for home loans. Several analysts discussed the latest updates. Reference ID 1640.	Business
The singer released a new music album worldwide. The report highlighted important future plans. Reference ID 1641.	Entertainment
The actor announced an upcoming action movie. Citizens welcomed the decision in many regions. Reference ID 1642.	Entertainment
Cloud computing adoption increased among businesses. The report highlighted important future plans. Reference ID 1643.	Technology
The company reported strong quarterly profits. Officials expect significant long-term impact. Reference ID 1644.	Business
The election commission released the voting schedule. Officials expect significant long-term impact. Reference ID 1645.	Politics
The merger created one of the largest retail companies. The event attracted national media attention. Reference ID 1646.	Business
A major bank reduced interest rates for home loans. Citizens welcomed the decision in many regions. Reference ID 1647.	Business
A cybersecurity update fixed major software vulnerabilities. Experts shared their opinions on the development. Reference ID 1648.	Technology
The annual film festival attracted thousands of visitors. Citizens welcomed the decision in many regions. Reference ID 1649.	Entertainment
The actor announced an upcoming action movie. Officials expect significant long-term impact. Reference ID 1650.	Entertainment
The film received excellent reviews from critics. The event attracted national media attention. Reference ID 1651.	Entertainment
The coach announced the squad for the upcoming tournament. The event attracted national media attention. Reference ID 1652.	Sports
Investors welcomed the latest financial announcement. The news quickly spread across social media. Reference ID 1653.	Business
A major bank reduced interest rates for home loans. Experts shared their opinions on the development. Reference ID 1654.	Business
A cybersecurity update fixed major software vulnerabilities. Several analysts discussed the latest updates. Reference ID 1655.	Technology
The company reported strong quarterly profits. Experts shared their opinions on the development. Reference ID 1656.	Business
Researchers developed an advanced machine learning system. Officials expect significant long-term impact. Reference ID 1657.	Technology
Cloud computing adoption increased among businesses. The report highlighted important future plans. Reference ID 1658.	Technology
Cloud computing adoption increased among businesses. The announcement received mixed public reactions. Reference ID 1659.	Technology
The annual film festival attracted thousands of visitors. The report highlighted important future plans. Reference ID 1660.	Entertainment
The company reported strong quarterly profits. The news quickly spread across social media. Reference ID 1661.	Business
Cloud computing adoption increased among businesses. Experts shared their opinions on the development. Reference ID 1662.	Technology
The merger created one of the largest retail companies. The news quickly spread across social media. Reference ID 1663.	Business
Cloud computing adoption increased among businesses. Experts shared their opinions on the development. Reference ID 1664.	Technology
The merger created one of the largest retail companies. The announcement received mixed public reactions. Reference ID 1665.	Business
The film received excellent reviews from critics. The announcement received mixed public reactions. Reference ID 1666.	Entertainment
The coach announced the squad for the upcoming tournament. Several analysts discussed the latest updates. Reference ID 1667.	Sports
The film received excellent reviews from critics. The report highlighted important future plans. Reference ID 1668.	Entertainment
The annual film festival attracted thousands of visitors. The news quickly spread across social media. Reference ID 1669.	Entertainment
The football team lifted the national championship trophy. The news quickly spread across social media. Reference ID 1670.	Sports
Parliament passed a new education reform bill after debate. Several analysts discussed the latest updates. Reference ID 1671.	Politics
Cloud computing adoption increased among businesses. Citizens welcomed the decision in many regions. Reference ID 1672.	Technology
Investors welcomed the latest financial announcement. Officials expect significant long-term impact. Reference ID 1673.	Business
India won the cricket match after a thrilling chase. The report highlighted important future plans. Reference ID 1674.	Sports
A leading tech company launched a new AI model. Citizens welcomed the decision in many regions. Reference ID 1675.	Technology
The stock market closed at a record high today. Officials expect significant long-term impact. Reference ID 1676.	Business
Cloud computing adoption increased among businesses. Experts shared their opinions on the development. Reference ID 1677.	Technology
A cybersecurity update fixed major software vulnerabilities. Experts shared their opinions on the development. Reference ID 1678.	Technology
The government announced a new tax policy to improve the economy. The news quickly spread across social media. Reference ID 1679.	Politics
The director revealed the official movie trailer. The news quickly spread across social media. Reference ID 1680.	Entertainment
A cybersecurity update fixed major software vulnerabilities. The event attracted national media attention. Reference ID 1681.	Technology
The chief minister launched a public welfare scheme. Officials expect significant long-term impact. Reference ID 1682.	Politics
A leading tech company launched a new AI model. Citizens welcomed the decision in many regions. Reference ID 1683.	Technology
The football team lifted the national championship trophy. The event attracted national media attention. Reference ID 1684.	Sports
The government announced a new tax policy to improve the economy. Experts shared their opinions on the development. Reference ID 1685.	Politics
The foreign minister met leaders to discuss trade relations. Citizens welcomed the decision in many regions. Reference ID 1686.	Politics
The merger created one of the largest retail companies. The announcement received mixed public reactions. Reference ID 1687.	Business
The director revealed the official movie trailer. The announcement received mixed public reactions. Reference ID 1688.	Entertainment
The election commission released the voting schedule. Citizens welcomed the decision in many regions. Reference ID 1689.	Politics
The singer released a new music album worldwide. The announcement received mixed public reactions. Reference ID 1690.	Entertainment
The director revealed the official movie trailer. Officials expect significant long-term impact. Reference ID 1691.	Entertainment
The company reported strong quarterly profits. Citizens welcomed the decision in many regions. Reference ID 1692.	Business
The football team lifted the national championship trophy. Officials expect significant long-term impact. Reference ID 1693.	Sports
The election commission released the voting schedule. Citizens welcomed the decision in many regions. Reference ID 1694.	Politics
The foreign minister met leaders to discuss trade relations. Experts shared their opinions on the development. Reference ID 1695.	Politics
The election commission released the voting schedule. The report highlighted important future plans. Reference ID 1696.	Politics
The government announced a new tax policy to improve the economy. Officials expect significant long-term impact. Reference ID 1697.	Politics
A leading tech company launched a new AI model. The news quickly spread across social media. Reference ID 1698.	Technology
Cloud computing adoption increased among businesses. The report highlighted important future plans. Reference ID 1699.	Technology
The chief minister launched a public welfare scheme. Citizens welcomed the decision in many regions. Reference ID 1700.	Politics
A cybersecurity update fixed major software vulnerabilities. The event attracted national media attention. Reference ID 1701.	Technology
The election commission released the voting schedule. The report highlighted important future plans. Reference ID 1702.	Politics
The company reported strong quarterly profits. The report highlighted important future plans. Reference ID 1703.	Business
The football team lifted the national championship trophy. Experts shared their opinions on the development. Reference ID 1704.	Sports
The company reported strong quarterly profits. Experts shared their opinions on the development. Reference ID 1705.	Business
The football team lifted the national championship trophy. The announcement received mixed public reactions. Reference ID 1706.	Sports
The film received excellent reviews from critics. Officials expect significant long-term impact. Reference ID 1707.	Entertainment
The stock market closed at a record high today. The event attracted national media attention. Reference ID 1708.	Business
The government announced a new tax policy to improve the economy. The report highlighted important future plans. Reference ID 1709.	Politics
A cybersecurity update fixed major software vulnerabilities. The news quickly spread across social media. Reference ID 1710.	Technology
The stock market closed at a record high today. Citizens welcomed the decision in many regions. Reference ID 1711.	Business
The tennis player reached the finals after a tough match. The news quickly spread across social media. Reference ID 1712.	Sports
Parliament passed a new education reform bill after debate. The report highlighted important future plans. Reference ID 1713.	Politics
The singer released a new music album worldwide. The report highlighted important future plans. Reference ID 1714.	Entertainment
The tennis player reached the finals after a tough match. The event attracted national media attention. Reference ID 1715.	Sports
The company reported strong quarterly profits. Officials expect significant long-term impact. Reference ID 1716.	Business
The election commission released the voting schedule. Several analysts discussed the latest updates. Reference ID 1717.	Politics
Researchers developed an advanced machine learning system. Several analysts discussed the latest updates. Reference ID 1718.	Technology
The stock market closed at a record high today. Citizens welcomed the decision in many regions. Reference ID 1719.	Business
The merger created one of the largest retail companies. The announcement received mixed public reactions. Reference ID 1720.	Business
The athlete won a gold medal in the international event. Experts shared their opinions on the development. Reference ID 1721.	Sports
The athlete won a gold medal in the international event. The report highlighted important future plans. Reference ID 1722.	Sports
A leading tech company launched a new AI model. Several analysts discussed the latest updates. Reference ID 1723.	Technology
The tennis player reached the finals after a tough match. The event attracted national media attention. Reference ID 1724.	Sports
Researchers developed an advanced machine learning system. The news quickly spread across social media. Reference ID 1725.	Technology
The chief minister launched a public welfare scheme. Several analysts discussed the latest updates. Reference ID 1726.	Politics
The company reported strong quarterly profits. Experts shared their opinions on the development. Reference ID 1727.	Business
Researchers developed an advanced machine learning system. Experts shared their opinions on the development. Reference ID 1728.	Technology
Investors welcomed the latest financial announcement. Citizens welcomed the decision in many regions. Reference ID 1729.	Business
The singer released a new music album worldwide. The report highlighted important future plans. Reference ID 1730.	Entertainment
The foreign minister met leaders to discuss trade relations. Several analysts discussed the latest updates. Reference ID 1731.	Politics
The tennis player reached the finals after a tough match. The event attracted national media attention. Reference ID 1732.	Sports
The chief minister launched a public welfare scheme. The news quickly spread across social media. Reference ID 1733.	Politics
Cloud computing adoption increased among businesses. Officials expect significant long-term impact. Reference ID 1734.	Technology
The football team lifted the national championship trophy. The news quickly spread across social media. Reference ID 1735.	Sports
The football team lifted the national championship trophy. The announcement received mixed public reactions. Reference ID 1736.	Sports
The foreign minister met leaders to discuss trade relations. The report highlighted important future plans. Reference ID 1737.	Politics
Researchers developed an advanced machine learning system. The news quickly spread across social media. Reference ID 1738.	Technology
The athlete won a gold medal in the international event. The news quickly spread across social media. Reference ID 1739.	Sports
The film received excellent reviews from critics. The news quickly spread across social media. Reference ID 1740.	Entertainment
The government announced a new tax policy to improve the economy. The event attracted national media attention. Reference ID 1741.	Politics
The foreign minister met leaders to discuss trade relations. Citizens welcomed the decision in many regions. Reference ID 1742.	Politics
A cybersecurity update fixed major software vulnerabilities. The report highlighted important future plans. Reference ID 1743.	Technology
The government announced a new tax policy to improve the economy. The event attracted national media attention. Reference ID 1744.	Politics
The company reported strong quarterly profits. Several analysts discussed the latest updates. Reference ID 1745.	Business
The football team lifted the national championship trophy. Citizens welcomed the decision in many regions. Reference ID 1746.	Sports
Parliament passed a new education reform bill after debate. Citizens welcomed the decision in many regions. Reference ID 1747.	Politics
The annual film festival attracted thousands of visitors. Experts shared their opinions on the development. Reference ID 1748.	Entertainment
Cloud computing adoption increased among businesses. The report highlighted important future plans. Reference ID 1749.	Technology
The actor announced an upcoming action movie. The announcement received mixed public reactions. Reference ID 1750.	Entertainment
Researchers developed an advanced machine learning system. Citizens welcomed the decision in many regions. Reference ID 1751.	Technology
Investors welcomed the latest financial announcement. Experts shared their opinions on the development. Reference ID 1752.	Business
A leading tech company launched a new AI model. The report highlighted important future plans. Reference ID 1753.	Technology
Investors welcomed the latest financial announcement. Experts shared their opinions on the development. Reference ID 1754.	Business
The annual film festival attracted thousands of visitors. Officials expect significant long-term impact. Reference ID 1755.	Entertainment
Parliament passed a new education reform bill after debate. The announcement received mixed public reactions. Reference ID 1756.	Politics
The athlete won a gold medal in the international event. Officials expect significant long-term impact. Reference ID 1757.	Sports
India won the cricket match after a thrilling chase. Several analysts discussed the latest updates. Reference ID 1758.	Sports
Cloud computing adoption increased among businesses. Experts shared their opinions on the development. Reference ID 1759.	Technology
The government announced a new tax policy to improve the economy. The news quickly spread across social media. Reference ID 1760.	Politics
A leading tech company launched a new AI model. The report highlighted important future plans. Reference ID 1761.	Technology
The singer released a new music album worldwide. The report highlighted important future plans. Reference ID 1762.	Entertainment
The election commission released the voting schedule. The announcement received mixed public reactions. Reference ID 1763.	Politics
India won the cricket match after a thrilling chase. Several analysts discussed the latest updates. Reference ID 1764.	Sports
The chief minister launched a public welfare scheme. The report highlighted important future plans. Reference ID 1765.	Politics
The annual film festival attracted thousands of visitors. Several analysts discussed the latest updates. Reference ID 1766.	Entertainment
The government announced a new tax policy to improve the economy. The announcement received mixed public reactions. Reference ID 1767.	Politics
The company reported strong quarterly profits. The news quickly spread across social media. Reference ID 1768.	Business
The football team lifted the national championship trophy. The report highlighted important future plans. Reference ID 1769.	Sports
The company reported strong quarterly profits. Experts shared their opinions on the development. Reference ID 1770.	Business
The merger created one of the largest retail companies. Experts shared their opinions on the development. Reference ID 1771.	Business
The stock market closed at a record high today. Citizens welcomed the decision in many regions. Reference ID 1772.	Business
The startup introduced an innovative smart wearable device. The news quickly spread across social media. Reference ID 1773.	Technology
The startup introduced an innovative smart wearable device. Citizens welcomed the decision in many regions. Reference ID 1774.	Technology
Investors welcomed the latest financial announcement. Experts shared their opinions on the development. Reference ID 1775.	Business
Cloud computing adoption increased among businesses. Officials expect significant long-term impact. Reference ID 1776.	Technology
Researchers developed an advanced machine learning system. The event attracted national media attention. Reference ID 1777.	Technology
The election commission released the voting schedule. The announcement received mixed public reactions. Reference ID 1778.	Politics
The singer released a new music album worldwide. The announcement received mixed public reactions. Reference ID 1779.	Entertainment
The startup introduced an innovative smart wearable device. The news quickly spread across social media. Reference ID 1780.	Technology
The actor announced an upcoming action movie. The news quickly spread across social media. Reference ID 1781.	Entertainment
The coach announced the squad for the upcoming tournament. The event attracted national media attention. Reference ID 1782.	Sports
The stock market closed at a record high today. Experts shared their opinions on the development. Reference ID 1783.	Business
The foreign minister met leaders to discuss trade relations. Several analysts discussed the latest updates. Reference ID 1784.	Politics
The film received excellent reviews from critics. Experts shared their opinions on the development. Reference ID 1785.	Entertainment
The actor announced an upcoming action movie. Several analysts discussed the latest updates. Reference ID 1786.	Entertainment
The foreign minister met leaders to discuss trade relations. Experts shared their opinions on the development. Reference ID 1787.	Politics
The company reported strong quarterly profits. Experts shared their opinions on the development. Reference ID 1788.	Business
A leading tech company launched a new AI model. Several analysts discussed the latest updates. Reference ID 1789.	Technology
Researchers developed an advanced machine learning system. The announcement received mixed public reactions. Reference ID 1790.	Technology
The foreign minister met leaders to discuss trade relations. Several analysts discussed the latest updates. Reference ID 1791.	Politics
The chief minister launched a public welfare scheme. Officials expect significant long-term impact. Reference ID 1792.	Politics
The stock market closed at a record high today. Officials expect significant long-term impact. Reference ID 1793.	Business
The startup introduced an innovative smart wearable device. Several analysts discussed the latest updates. Reference ID 1794.	Technology
Researchers developed an advanced machine learning system. The announcement received mixed public reactions. Reference ID 1795.	Technology
The film received excellent reviews from critics. The report highlighted important future plans. Reference ID 1796.	Entertainment
The annual film festival attracted thousands of visitors. The news quickly spread across social media. Reference ID 1797.	Entertainment
The company reported strong quarterly profits. Citizens welcomed the decision in many regions. Reference ID 1798.	Business
Investors welcomed the latest financial announcement. Several analysts discussed the latest updates. Reference ID 1799.	Business
The director revealed the official movie trailer. The report highlighted important future plans. Reference ID 1800.	Entertainment
A leading tech company launched a new AI model. The news quickly spread across social media. Reference ID 1801.	Technology
Researchers developed an advanced machine learning system. The news quickly spread across social media. Reference ID 1802.	Technology
The annual film festival attracted thousands of visitors. The event attracted national media attention. Reference ID 1803.	Entertainment
The director revealed the official movie trailer. Experts shared their opinions on the development. Reference ID 1804.	Entertainment
Researchers developed an advanced machine learning system. The news quickly spread across social media. Reference ID 1805.	Technology
Cloud computing adoption increased among businesses. Citizens welcomed the decision in many regions. Reference ID 1806.	Technology
A major bank reduced interest rates for home loans. Several analysts discussed the latest updates. Reference ID 1807.	Business
The tennis player reached the finals after a tough match. Experts shared their opinions on the development. Reference ID 1808.	Sports
Parliament passed a new education reform bill after debate. The announcement received mixed public reactions. Reference ID 1809.	Politics
The film received excellent reviews from critics. The report highlighted important future plans. Reference ID 1810.	Entertainment
The foreign minister met leaders to discuss trade relations. The event attracted national media attention. Reference ID 1811.	Politics
A major bank reduced interest rates for home loans. The announcement received mixed public reactions. Reference ID 1812.	Business
The singer released a new music album worldwide. Officials expect significant long-term impact. Reference ID 1813.	Entertainment
A major bank reduced interest rates for home loans. Citizens welcomed the decision in many regions. Reference ID 1814.	Business
The football team lifted the national championship trophy. Several analysts discussed the latest updates. Reference ID 1815.	Sports
The actor announced an upcoming action movie. The report highlighted important future plans. Reference ID 1816.	Entertainment
Researchers developed an advanced machine learning system. The event attracted national media attention. Reference ID 1817.	Technology
The government announced a new tax policy to improve the economy. The event attracted national media attention. Reference ID 1818.	Politics
The annual film festival attracted thousands of visitors. The announcement received mixed public reactions. Reference ID 1819.	Entertainment
The merger created one of the largest retail companies. Officials expect significant long-term impact. Reference ID 1820.	Business
A major bank reduced interest rates for home loans. The announcement received mixed public reactions. Reference ID 1821.	Business
The merger created one of the largest retail companies. The report highlighted important future plans. Reference ID 1822.	Business
A cybersecurity update fixed major software vulnerabilities. Several analysts discussed the latest updates. Reference ID 1823.	Technology
The startup introduced an innovative smart wearable device. The event attracted national media attention. Reference ID 1824.	Technology
A leading tech company launched a new AI model. The report highlighted important future plans. Reference ID 1825.	Technology
The merger created one of the largest retail companies. Several analysts discussed the latest updates. Reference ID 1826.	Business
The athlete won a gold medal in the international event. Several analysts discussed the latest updates. Reference ID 1827.	Sports
The coach announced the squad for the upcoming tournament. The event attracted national media attention. Reference ID 1828.	Sports
The singer released a new music album worldwide. The announcement received mixed public reactions. Reference ID 1829.	Entertainment
A cybersecurity update fixed major software vulnerabilities. The news quickly spread across social media. Reference ID 1830.	Technology
Researchers developed an advanced machine learning system. The event attracted national media attention. Reference ID 1831.	Technology
The government announced a new tax policy to improve the economy. Experts shared their opinions on the development. Reference ID 1832.	Politics
Cloud computing adoption increased among businesses. The report highlighted important future plans. Reference ID 1833.	Technology
Cloud computing adoption increased among businesses. Several analysts discussed the latest updates. Reference ID 1834.	Technology
The annual film festival attracted thousands of visitors. The event attracted national media attention. Reference ID 1835.	Entertainment
The annual film festival attracted thousands of visitors. The event attracted national media attention. Reference ID 1836.	Entertainment
The merger created one of the largest retail companies. Citizens welcomed the decision in many regions. Reference ID 1837.	Business
The foreign minister met leaders to discuss trade relations. Citizens welcomed the decision in many regions. Reference ID 1838.	Politics
The stock market closed at a record high today. The announcement received mixed public reactions. Reference ID 1839.	Business
The singer released a new music album worldwide. The announcement received mixed public reactions. Reference ID 1840.	Entertainment
A major bank reduced interest rates for home loans. The event attracted national media attention. Reference ID 1841.	Business
The annual film festival attracted thousands of visitors. Officials expect significant long-term impact. Reference ID 1842.	Entertainment
The coach announced the squad for the upcoming tournament. The report highlighted important future plans. Reference ID 1843.	Sports
The merger created one of the largest retail companies. Citizens welcomed the decision in many regions. Reference ID 1844.	Business
The actor announced an upcoming action movie. Officials expect significant long-term impact. Reference ID 1845.	Entertainment
A cybersecurity update fixed major software vulnerabilities. Citizens welcomed the decision in many regions. Reference ID 1846.	Technology
The election commission released the voting schedule. Officials expect significant long-term impact. Reference ID 1847.	Politics
The election commission released the voting schedule. Citizens welcomed the decision in many regions. Reference ID 1848.	Politics
The director revealed the official movie trailer. Officials expect significant long-term impact. Reference ID 1849.	Entertainment
The film received excellent reviews from critics. The news quickly spread across social media. Reference ID 1850.	Entertainment
The singer released a new music album worldwide. The event attracted national media attention. Reference ID 1851.	Entertainment
India won the cricket match after a thrilling chase. The announcement received mixed public reactions. Reference ID 1852.	Sports
Cloud computing adoption increased among businesses. Experts shared their opinions on the development. Reference ID 1853.	Technology
The stock market closed at a record high today. Experts shared their opinions on the development. Reference ID 1854.	Business
Cloud computing adoption increased among businesses. Experts shared their opinions on the development. Reference ID 1855.	Technology
The startup introduced an innovative smart wearable device. The announcement received mixed public reactions. Reference ID 1856.	Technology
The actor announced an upcoming action movie. Experts shared their opinions on the development. Reference ID 1857.	Entertainment
The football team lifted the national championship trophy. The report highlighted important future plans. Reference ID 1858.	Sports
The annual film festival attracted thousands of visitors. Several analysts discussed the latest updates. Reference ID 1859.	Entertainment
The annual film festival attracted thousands of visitors. Officials expect significant long-term impact. Reference ID 1860.	Entertainment
The singer released a new music album worldwide. The event attracted national media attention. Reference ID 1861.	Entertainment
The actor announced an upcoming action movie. Officials expect significant long-term impact. Reference ID 1862.	Entertainment
The athlete won a gold medal in the international event. The announcement received mixed public reactions. Reference ID 1863.	Sports
The government announced a new tax policy to improve the economy. The announcement received mixed public reactions. Reference ID 1864.	Politics
The athlete won a gold medal in the international event. The report highlighted important future plans. Reference ID 1865.	Sports
Investors welcomed the latest financial announcement. The event attracted national media attention. Reference ID 1866.	Business
The government announced a new tax policy to improve the economy. Citizens welcomed the decision in many regions. Reference ID 1867.	Politics
The football team lifted the national championship trophy. Citizens welcomed the decision in many regions. Reference ID 1868.	Sports
Researchers developed an advanced machine learning system. Experts shared their opinions on the development. Reference ID 1869.	Technology
A leading tech company launched a new AI model. The announcement received mixed public reactions. Reference ID 1870.	Technology
Researchers developed an advanced machine learning system. The report highlighted important future plans. Reference ID 1871.	Technology
The director revealed the official movie trailer. Experts shared their opinions on the development. Reference ID 1872.	Entertainment
Parliament passed a new education reform bill after debate. The event attracted national media attention. Reference ID 1873.	Politics
The actor announced an upcoming action movie. The report highlighted important future plans. Reference ID 1874.	Entertainment
The foreign minister met leaders to discuss trade relations. The news quickly spread across social media. Reference ID 1875.	Politics
The football team lifted the national championship trophy. Experts shared their opinions on the development. Reference ID 1876.	Sports
The athlete won a gold medal in the international event. Officials expect significant long-term impact. Reference ID 1877.	Sports
A leading tech company launched a new AI model. The report highlighted important future plans. Reference ID 1878.	Technology
The startup introduced an innovative smart wearable device. Several analysts discussed the latest updates. Reference ID 1879.	Technology
The stock market closed at a record high today. The news quickly spread across social media. Reference ID 1880.	Business
Investors welcomed the latest financial announcement. The news quickly spread across social media. Reference ID 1881.	Business
A major bank reduced interest rates for home loans. The event attracted national media attention. Reference ID 1882.	Business
The stock market closed at a record high today. The news quickly spread across social media. Reference ID 1883.	Business
Parliament passed a new education reform bill after debate. Officials expect significant long-term impact. Reference ID 1884.	Politics
The startup introduced an innovative smart wearable device. Officials expect significant long-term impact. Reference ID 1885.	Technology
The election commission released the voting schedule. The event attracted national media attention. Reference ID 1886.	Politics
The film received excellent reviews from critics. The announcement received mixed public reactions. Reference ID 1887.	Entertainment
Cloud computing adoption increased among businesses. The event attracted national media attention. Reference ID 1888.	Technology
The startup introduced an innovative smart wearable device. The announcement received mixed public reactions. Reference ID 1889.	Technology
The chief minister launched a public welfare scheme. Citizens welcomed the decision in many regions. Reference ID 1890.	Politics
The singer released a new music album worldwide. The event attracted national media attention. Reference ID 1891.	Entertainment
The coach announced the squad for the upcoming tournament. Several analysts discussed the latest updates. Reference ID 1892.	Sports
Researchers developed an advanced machine learning system. The event attracted national media attention. Reference ID 1893.	Technology
The election commission released the voting schedule. Experts shared their opinions on the development. Reference ID 1894.	Politics
Researchers developed an advanced machine learning system. The news quickly spread across social media. Reference ID 1895.	Technology
India won the cricket match after a thrilling chase. The news quickly spread across social media. Reference ID 1896.	Sports
Cloud computing adoption increased among businesses. Officials expect significant long-term impact. Reference ID 1897.	Technology
The director revealed the official movie trailer. The report highlighted important future plans. Reference ID 1898.	Entertainment
The football team lifted the national championship trophy. Citizens welcomed the decision in many regions. Reference ID 1899.	Sports
Researchers developed an advanced machine learning system. The event attracted national media attention. Reference ID 1900.	Technology
Investors welcomed the latest financial announcement. The news quickly spread across social media. Reference ID 1901.	Business
The startup introduced an innovative smart wearable device. The news quickly spread across social media. Reference ID 1902.	Technology
The coach announced the squad for the upcoming tournament. Officials expect significant long-term impact. Reference ID 1903.	Sports
Cloud computing adoption increased among businesses. The report highlighted important future plans. Reference ID 1904.	Technology
The film received excellent reviews from critics. The news quickly spread across social media. Reference ID 1905.	Entertainment
Investors welcomed the latest financial announcement. The news quickly spread across social media. Reference ID 1906.	Business
India won the cricket match after a thrilling chase. The announcement received mixed public reactions. Reference ID 1907.	Sports
The film received excellent reviews from critics. The event attracted national media attention. Reference ID 1908.	Entertainment
The foreign minister met leaders to discuss trade relations. Officials expect significant long-term impact. Reference ID 1909.	Politics
A leading tech company launched a new AI model. The event attracted national media attention. Reference ID 1910.	Technology
Parliament passed a new education reform bill after debate. The news quickly spread across social media. Reference ID 1911.	Politics
Researchers developed an advanced machine learning system. The announcement received mixed public reactions. Reference ID 1912.	Technology
The foreign minister met leaders to discuss trade relations. Citizens welcomed the decision in many regions. Reference ID 1913.	Politics
The film received excellent reviews from critics. The news quickly spread across social media. Reference ID 1914.	Entertainment
The election commission released the voting schedule. The announcement received mixed public reactions. Reference ID 1915.	Politics
The tennis player reached the finals after a tough match. Officials expect significant long-term impact. Reference ID 1916.	Sports
A major bank reduced interest rates for home loans. Citizens welcomed the decision in many regions. Reference ID 1917.	Business
The merger created one of the largest retail companies. Officials expect significant long-term impact. Reference ID 1918.	Business
Researchers developed an advanced machine learning system. Experts shared their opinions on the development. Reference ID 1919.	Technology
A cybersecurity update fixed major software vulnerabilities. The event attracted national media attention. Reference ID 1920.	Technology
The chief minister launched a public welfare scheme. The news quickly spread across social media. Reference ID 1921.	Politics
A major bank reduced interest rates for home loans. The announcement received mixed public reactions. Reference ID 1922.	Business
The tennis player reached the finals after a tough match. The announcement received mixed public reactions. Reference ID 1923.	Sports
Cloud computing adoption increased among businesses. The news quickly spread across social media. Reference ID 1924.	Technology
The chief minister launched a public welfare scheme. Experts shared their opinions on the development. Reference ID 1925.	Politics
The singer released a new music album worldwide. The event attracted national media attention. Reference ID 1926.	Entertainment
The tennis player reached the finals after a tough match. Officials expect significant long-term impact. Reference ID 1927.	Sports
The stock market closed at a record high today. Several analysts discussed the latest updates. Reference ID 1928.	Business
The athlete won a gold medal in the international event. The news quickly spread across social media. Reference ID 1929.	Sports
The director revealed the official movie trailer. Several analysts discussed the latest updates. Reference ID 1930.	Entertainment
Investors welcomed the latest financial announcement. Citizens welcomed the decision in many regions. Reference ID 1931.	Business
The government announced a new tax policy to improve the economy. Several analysts discussed the latest updates. Reference ID 1932.	Politics
The foreign minister met leaders to discuss trade relations. Experts shared their opinions on the development. Reference ID 1933.	Politics
India won the cricket match after a thrilling chase. Experts shared their opinions on the development. Reference ID 1934.	Sports
Researchers developed an advanced machine learning system. Citizens welcomed the decision in many regions. Reference ID 1935.	Technology
The chief minister launched a public welfare scheme. The event attracted national media attention. Reference ID 1936.	Politics
The singer released a new music album worldwide. Several analysts discussed the latest updates. Reference ID 1937.	Entertainment
The actor announced an upcoming action movie. Citizens welcomed the decision in many regions. Reference ID 1938.	Entertainment
The merger created one of the largest retail companies. Citizens welcomed the decision in many regions. Reference ID 1939.	Business
The director revealed the official movie trailer. Experts shared their opinions on the development. Reference ID 1940.	Entertainment
The coach announced the squad for the upcoming tournament. Officials expect significant long-term impact. Reference ID 1941.	Sports
The company reported strong quarterly profits. Experts shared their opinions on the development. Reference ID 1942.	Business
The film received excellent reviews from critics. Officials expect significant long-term impact. Reference ID 1943.	Entertainment
The singer released a new music album worldwide. The news quickly spread across social media. Reference ID 1944.	Entertainment
The film received excellent reviews from critics. The news quickly spread across social media. Reference ID 1945.	Entertainment
Parliament passed a new education reform bill after debate. Citizens welcomed the decision in many regions. Reference ID 1946.	Politics
The startup introduced an innovative smart wearable device. The announcement received mixed public reactions. Reference ID 1947.	Technology
The tennis player reached the finals after a tough match. Officials expect significant long-term impact. Reference ID 1948.	Sports
The coach announced the squad for the upcoming tournament. The report highlighted important future plans. Reference ID 1949.	Sports
The football team lifted the national championship trophy. Experts shared their opinions on the development. Reference ID 1950.	Sports
The director revealed the official movie trailer. Officials expect significant long-term impact. Reference ID 1951.	Entertainment
A cybersecurity update fixed major software vulnerabilities. Officials expect significant long-term impact. Reference ID 1952.	Technology
The athlete won a gold medal in the international event. The news quickly spread across social media. Reference ID 1953.	Sports
A leading tech company launched a new AI model. The event attracted national media attention. Reference ID 1954.	Technology
The football team lifted the national championship trophy. The report highlighted important future plans. Reference ID 1955.	Sports
The company reported strong quarterly profits. The announcement received mixed public reactions. Reference ID 1956.	Business
A leading tech company launched a new AI model. Citizens welcomed the decision in many regions. Reference ID 1957.	Technology
The company reported strong quarterly profits. Experts shared their opinions on the development. Reference ID 1958.	Business
The election commission released the voting schedule. Several analysts discussed the latest updates. Reference ID 1959.	Politics
India won the cricket match after a thrilling chase. Several analysts discussed the latest updates. Reference ID 1960.	Sports
The stock market closed at a record high today. Officials expect significant long-term impact. Reference ID 1961.	Business
The startup introduced an innovative smart wearable device. The report highlighted important future plans. Reference ID 1962.	Technology
The film received excellent reviews from critics. Several analysts discussed the latest updates. Reference ID 1963.	Entertainment
The athlete won a gold medal in the international event. The announcement received mixed public reactions. Reference ID 1964.	Sports
The government announced a new tax policy to improve the economy. The report highlighted important future plans. Reference ID 1965.	Politics
The stock market closed at a record high today. Citizens welcomed the decision in many regions. Reference ID 1966.	Business
The film received excellent reviews from critics. The announcement received mixed public reactions. Reference ID 1967.	Entertainment
The merger created one of the largest retail companies. The report highlighted important future plans. Reference ID 1968.	Business
The athlete won a gold medal in the international event. Citizens welcomed the decision in many regions. Reference ID 1969.	Sports
The election commission released the voting schedule. The announcement received mixed public reactions. Reference ID 1970.	Politics
Cloud computing adoption increased among businesses. Several analysts discussed the latest updates. Reference ID 1971.	Technology
India won the cricket match after a thrilling chase. Officials expect significant long-term impact. Reference ID 1972.	Sports
The government announced a new tax policy to improve the economy. The event attracted national media attention. Reference ID 1973.	Politics
The tennis player reached the finals after a tough match. Citizens welcomed the decision in many regions. Reference ID 1974.	Sports
The athlete won a gold medal in the international event. Officials expect significant long-term impact. Reference ID 1975.	Sports
The election commission released the voting schedule. Citizens welcomed the decision in many regions. Reference ID 1976.	Politics
The company reported strong quarterly profits. Citizens welcomed the decision in many regions. Reference ID 1977.	Business
Researchers developed an advanced machine learning system. Citizens welcomed the decision in many regions. Reference ID 1978.	Technology
The athlete won a gold medal in the international event. Citizens welcomed the decision in many regions. Reference ID 1979.	Sports
Researchers developed an advanced machine learning system. Experts shared their opinions on the development. Reference ID 1980.	Technology
The government announced a new tax policy to improve the economy. The event attracted national media attention. Reference ID 1981.	Politics
Parliament passed a new education reform bill after debate. The report highlighted important future plans. Reference ID 1982.	Politics
The merger created one of the largest retail companies. Officials expect significant long-term impact. Reference ID 1983.	Business
Cloud computing adoption increased among businesses. The announcement received mixed public reactions. Reference ID 1984.	Technology
The football team lifted the national championship trophy. Officials expect significant long-term impact. Reference ID 1985.	Sports
The coach announced the squad for the upcoming tournament. The event attracted national media attention. Reference ID 1986.	Sports
The government announced a new tax policy to improve the economy. The report highlighted important future plans. Reference ID 1987.	Politics
The company reported strong quarterly profits. The news quickly spread across social media. Reference ID 1988.	Business
A leading tech company launched a new AI model. Experts shared their opinions on the development. Reference ID 1989.	Technology
The annual film festival attracted thousands of visitors. The event attracted national media attention. Reference ID 1990.	Entertainment
The tennis player reached the finals after a tough match. The announcement received mixed public reactions. Reference ID 1991.	Sports
The foreign minister met leaders to discuss trade relations. The event attracted national media attention. Reference ID 1992.	Politics
A leading tech company launched a new AI model. The report highlighted important future plans. Reference ID 1993.	Technology
Parliament passed a new education reform bill after debate. Officials expect significant long-term impact. Reference ID 1994.	Politics
A major bank reduced interest rates for home loans. Experts shared their opinions on the development. Reference ID 1995.	Business
Investors welcomed the latest financial announcement. Citizens welcomed the decision in many regions. Reference ID 1996.	Business
The singer released a new music album worldwide. The report highlighted important future plans. Reference ID 1997.	Entertainment
The foreign minister met leaders to discuss trade relations. Citizens welcomed the decision in many regions. Reference ID 1998.	Politics
The director revealed the official movie trailer. The event attracted national media attention. Reference ID 1999.	Entertainment
The singer released a new music album worldwide. The event attracted national media attention. Reference ID 2000.	Entertainment
The annual film festival attracted thousands of visitors. The announcement received mixed public reactions. Reference ID 2001.	Entertainment
The election commission released the voting schedule. Several analysts discussed the latest updates. Reference ID 2002.	Politics
The annual film festival attracted thousands of visitors. The event attracted national media attention. Reference ID 2003.	Entertainment
The startup introduced an innovative smart wearable device. Officials expect significant long-term impact. Reference ID 2004.	Technology
A cybersecurity update fixed major software vulnerabilities. Experts shared their opinions on the development. Reference ID 2005.	Technology
The football team lifted the national championship trophy. The report highlighted important future plans. Reference ID 2006.	Sports
Parliament passed a new education reform bill after debate. Citizens welcomed the decision in many regions. Reference ID 2007.	Politics
The annual film festival attracted thousands of visitors. The event attracted national media attention. Reference ID 2008.	Entertainment
Cloud computing adoption increased among businesses. The news quickly spread across social media. Reference ID 2009.	Technology
The director revealed the official movie trailer. The event attracted national media attention. Reference ID 2010.	Entertainment
A leading tech company launched a new AI model. The news quickly spread across social media. Reference ID 2011.	Technology
The football team lifted the national championship trophy. The announcement received mixed public reactions. Reference ID 2012.	Sports
The tennis player reached the finals after a tough match. The announcement received mixed public reactions. Reference ID 2013.	Sports
The athlete won a gold medal in the international event. Several analysts discussed the latest updates. Reference ID 2014.	Sports
The company reported strong quarterly profits. The report highlighted important future plans. Reference ID 2015.	Business
The athlete won a gold medal in the international event. The announcement received mixed public reactions. Reference ID 2016.	Sports
The annual film festival attracted thousands of visitors. The announcement received mixed public reactions. Reference ID 2017.	Entertainment
The stock market closed at a record high today. The report highlighted important future plans. Reference ID 2018.	Business
The athlete won a gold medal in the international event. The announcement received mixed public reactions. Reference ID 2019.	Sports
The actor announced an upcoming action movie. The report highlighted important future plans. Reference ID 2020.	Entertainment
Investors welcomed the latest financial announcement. Officials expect significant long-term impact. Reference ID 2021.	Business
The athlete won a gold medal in the international event. The report highlighted important future plans. Reference ID 2022.	Sports
Parliament passed a new education reform bill after debate. Citizens welcomed the decision in many regions. Reference ID 2023.	Politics
The actor announced an upcoming action movie. The event attracted national media attention. Reference ID 2024.	Entertainment
India won the cricket match after a thrilling chase. Citizens welcomed the decision in many regions. Reference ID 2025.	Sports
The government announced a new tax policy to improve the economy. The news quickly spread across social media. Reference ID 2026.	Politics
A major bank reduced interest rates for home loans. The announcement received mixed public reactions. Reference ID 2027.	Business
The coach announced the squad for the upcoming tournament. The announcement received mixed public reactions. Reference ID 2028.	Sports
The singer released a new music album worldwide. The announcement received mixed public reactions. Reference ID 2029.	Entertainment
Researchers developed an advanced machine learning system. Citizens welcomed the decision in many regions. Reference ID 2030.	Technology
A leading tech company launched a new AI model. Several analysts discussed the latest updates. Reference ID 2031.	Technology
Parliament passed a new education reform bill after debate. Citizens welcomed the decision in many regions. Reference ID 2032.	Politics
The annual film festival attracted thousands of visitors. Citizens welcomed the decision in many regions. Reference ID 2033.	Entertainment
The stock market closed at a record high today. Citizens welcomed the decision in many regions. Reference ID 2034.	Business
The election commission released the voting schedule. Citizens welcomed the decision in many regions. Reference ID 2035.	Politics
The actor announced an upcoming action movie. Experts shared their opinions on the development. Reference ID 2036.	Entertainment
The tennis player reached the finals after a tough match. Citizens welcomed the decision in many regions. Reference ID 2037.	Sports
The coach announced the squad for the upcoming tournament. Experts shared their opinions on the development. Reference ID 2038.	Sports
The director revealed the official movie trailer. The announcement received mixed public reactions. Reference ID 2039.	Entertainment
The chief minister launched a public welfare scheme. The announcement received mixed public reactions. Reference ID 2040.	Politics
The election commission released the voting schedule. Officials expect significant long-term impact. Reference ID 2041.	Politics
The athlete won a gold medal in the international event. Several analysts discussed the latest updates. Reference ID 2042.	Sports
The company reported strong quarterly profits. Several analysts discussed the latest updates. Reference ID 2043.	Business
The film received excellent reviews from critics. The report highlighted important future plans. Reference ID 2044.	Entertainment
The government announced a new tax policy to improve the economy. Citizens welcomed the decision in many regions. Reference ID 2045.	Politics
The coach announced the squad for the upcoming tournament. The report highlighted important future plans. Reference ID 2046.	Sports
The government announced a new tax policy to improve the economy. The announcement received mixed public reactions. Reference ID 2047.	Politics
The athlete won a gold medal in the international event. The event attracted national media attention. Reference ID 2048.	Sports
The company reported strong quarterly profits. The report highlighted important future plans. Reference ID 2049.	Business
The company reported strong quarterly profits. The announcement received mixed public reactions. Reference ID 2050.	Business
A cybersecurity update fixed major software vulnerabilities. The news quickly spread across social media. Reference ID 2051.	Technology
Researchers developed an advanced machine learning system. Experts shared their opinions on the development. Reference ID 2052.	Technology
The football team lifted the national championship trophy. Citizens welcomed the decision in many regions. Reference ID 2053.	Sports
A major bank reduced interest rates for home loans. The report highlighted important future plans. Reference ID 2054.	Business
A major bank reduced interest rates for home loans. Citizens welcomed the decision in many regions. Reference ID 2055.	Business
The election commission released the voting schedule. The report highlighted important future plans. Reference ID 2056.	Politics
Researchers developed an advanced machine learning system. Experts shared their opinions on the development. Reference ID 2057.	Technology
The coach announced the squad for the upcoming tournament. Experts shared their opinions on the development. Reference ID 2058.	Sports
The football team lifted the national championship trophy. Several analysts discussed the latest updates. Reference ID 2059.	Sports
A major bank reduced interest rates for home loans. The announcement received mixed public reactions. Reference ID 2060.	Business
The film received excellent reviews from critics. Citizens welcomed the decision in many regions. Reference ID 2061.	Entertainment
The annual film festival attracted thousands of visitors. Officials expect significant long-term impact. Reference ID 2062.	Entertainment
The foreign minister met leaders to discuss trade relations. The announcement received mixed public reactions. Reference ID 2063.	Politics
The coach announced the squad for the upcoming tournament. The announcement received mixed public reactions. Reference ID 2064.	Sports
A cybersecurity update fixed major software vulnerabilities. The news quickly spread across social media. Reference ID 2065.	Technology
India won the cricket match after a thrilling chase. Several analysts discussed the latest updates. Reference ID 2066.	Sports
A cybersecurity update fixed major software vulnerabilities. The news quickly spread across social media. Reference ID 2067.	Technology
Cloud computing adoption increased among businesses. The event attracted national media attention. Reference ID 2068.	Technology
A leading tech company launched a new AI model. Citizens welcomed the decision in many regions. Reference ID 2069.	Technology
The startup introduced an innovative smart wearable device. Citizens welcomed the decision in many regions. Reference ID 2070.	Technology
The football team lifted the national championship trophy. Citizens welcomed the decision in many regions. Reference ID 2071.	Sports
The football team lifted the national championship trophy. The news quickly spread across social media. Reference ID 2072.	Sports
The chief minister launched a public welfare scheme. The event attracted national media attention. Reference ID 2073.	Politics
The merger created one of the largest retail companies. Several analysts discussed the latest updates. Reference ID 2074.	Business
The athlete won a gold medal in the international event. The announcement received mixed public reactions. Reference ID 2075.	Sports
The tennis player reached the finals after a tough match. Several analysts discussed the latest updates. Reference ID 2076.	Sports
Cloud computing adoption increased among businesses. Citizens welcomed the decision in many regions. Reference ID 2077.	Technology
Parliament passed a new education reform bill after debate. The announcement received mixed public reactions. Reference ID 2078.	Politics
The singer released a new music album worldwide. Several analysts discussed the latest updates. Reference ID 2079.	Entertainment
The film received excellent reviews from critics. The report highlighted important future plans. Reference ID 2080.	Entertainment
The startup introduced an innovative smart wearable device. The announcement received mixed public reactions. Reference ID 2081.	Technology
A major bank reduced interest rates for home loans. Officials expect significant long-term impact. Reference ID 2082.	Business
A cybersecurity update fixed major software vulnerabilities. Experts shared their opinions on the development. Reference ID 2083.	Technology
The tennis player reached the finals after a tough match. The news quickly spread across social media. Reference ID 2084.	Sports
Parliament passed a new education reform bill after debate. Experts shared their opinions on the development. Reference ID 2085.	Politics
The merger created one of the largest retail companies. The news quickly spread across social media. Reference ID 2086.	Business
The film received excellent reviews from critics. The announcement received mixed public reactions. Reference ID 2087.	Entertainment
The football team lifted the national championship trophy. Experts shared their opinions on the development. Reference ID 2088.	Sports
The athlete won a gold medal in the international event. Experts shared their opinions on the development. Reference ID 2089.	Sports
The government announced a new tax policy to improve the economy. Citizens welcomed the decision in many regions. Reference ID 2090.	Politics
India won the cricket match after a thrilling chase. The news quickly spread across social media. Reference ID 2091.	Sports
Cloud computing adoption increased among businesses. Experts shared their opinions on the development. Reference ID 2092.	Technology
A leading tech company launched a new AI model. The news quickly spread across social media. Reference ID 2093.	Technology
A cybersecurity update fixed major software vulnerabilities. Experts shared their opinions on the development. Reference ID 2094.	Technology
The merger created one of the largest retail companies. Citizens welcomed the decision in many regions. Reference ID 2095.	Business
India won the cricket match after a thrilling chase. The event attracted national media attention. Reference ID 2096.	Sports
The government announced a new tax policy to improve the economy. Citizens welcomed the decision in many regions. Reference ID 2097.	Politics
Investors welcomed the latest financial announcement. The event attracted national media attention. Reference ID 2098.	Business
The startup introduced an innovative smart wearable device. Experts shared their opinions on the development. Reference ID 2099.	Technology
The election commission released the voting schedule. Citizens welcomed the decision in many regions. Reference ID 2100.	Politics
The chief minister launched a public welfare scheme. Citizens welcomed the decision in many regions. Reference ID 2101.	Politics
India won the cricket match after a thrilling chase. Experts shared their opinions on the development. Reference ID 2102.	Sports
The football team lifted the national championship trophy. Officials expect significant long-term impact. Reference ID 2103.	Sports
The actor announced an upcoming action movie. Citizens welcomed the decision in many regions. Reference ID 2104.	Entertainment
The startup introduced an innovative smart wearable device. Citizens welcomed the decision in many regions. Reference ID 2105.	Technology
The annual film festival attracted thousands of visitors. Officials expect significant long-term impact. Reference ID 2106.	Entertainment
The annual film festival attracted thousands of visitors. Citizens welcomed the decision in many regions. Reference ID 2107.	Entertainment
The athlete won a gold medal in the international event. Several analysts discussed the latest updates. Reference ID 2108.	Sports
The stock market closed at a record high today. Several analysts discussed the latest updates. Reference ID 2109.	Business
The director revealed the official movie trailer. Several analysts discussed the latest updates. Reference ID 2110.	Entertainment
Cloud computing adoption increased among businesses. Several analysts discussed the latest updates. Reference ID 2111.	Technology
The tennis player reached the finals after a tough match. Experts shared their opinions on the development. Reference ID 2112.	Sports
The director revealed the official movie trailer. The announcement received mixed public reactions. Reference ID 2113.	Entertainment
Researchers developed an advanced machine learning system. The news quickly spread across social media. Reference ID 2114.	Technology
The stock market closed at a record high today. Experts shared their opinions on the development. Reference ID 2115.	Business
The singer released a new music album worldwide. The announcement received mixed public reactions. Reference ID 2116.	Entertainment
The foreign minister met leaders to discuss trade relations. The news quickly spread across social media. Reference ID 2117.	Politics
The singer released a new music album worldwide. Several analysts discussed the latest updates. Reference ID 2118.	Entertainment
The film received excellent reviews from critics. Officials expect significant long-term impact. Reference ID 2119.	Entertainment
The football team lifted the national championship trophy. Experts shared their opinions on the development. Reference ID 2120.	Sports
Researchers developed an advanced machine learning system. The report highlighted important future plans. Reference ID 2121.	Technology
The company reported strong quarterly profits. Citizens welcomed the decision in many regions. Reference ID 2122.	Business
The merger created one of the largest retail companies. The news quickly spread across social media. Reference ID 2123.	Business
A leading tech company launched a new AI model. The announcement received mixed public reactions. Reference ID 2124.	Technology
The government announced a new tax policy to improve the economy. The event attracted national media attention. Reference ID 2125.	Politics
A leading tech company launched a new AI model. The news quickly spread across social media. Reference ID 2126.	Technology
The director revealed the official movie trailer. The event attracted national media attention. Reference ID 2127.	Entertainment
The company reported strong quarterly profits. Experts shared their opinions on the development. Reference ID 2128.	Business
A leading tech company launched a new AI model. Several analysts discussed the latest updates. Reference ID 2129.	Technology
The company reported strong quarterly profits. The news quickly spread across social media. Reference ID 2130.	Business
Researchers developed an advanced machine learning system. Citizens welcomed the decision in many regions. Reference ID 2131.	Technology
A major bank reduced interest rates for home loans. Several analysts discussed the latest updates. Reference ID 2132.	Business
The company reported strong quarterly profits. Officials expect significant long-term impact. Reference ID 2133.	Business
A major bank reduced interest rates for home loans. Officials expect significant long-term impact. Reference ID 2134.	Business
A cybersecurity update fixed major software vulnerabilities. The announcement received mixed public reactions. Reference ID 2135.	Technology
A leading tech company launched a new AI model. The report highlighted important future plans. Reference ID 2136.	Technology
The football team lifted the national championship trophy. Citizens welcomed the decision in many regions. Reference ID 2137.	Sports
The annual film festival attracted thousands of visitors. The report highlighted important future plans. Reference ID 2138.	Entertainment
The athlete won a gold medal in the international event. Experts shared their opinions on the development. Reference ID 2139.	Sports
The tennis player reached the finals after a tough match. Experts shared their opinions on the development. Reference ID 2140.	Sports
The company reported strong quarterly profits. The event attracted national media attention. Reference ID 2141.	Business
The tennis player reached the finals after a tough match. Experts shared their opinions on the development. Reference ID 2142.	Sports
Parliament passed a new education reform bill after debate. Experts shared their opinions on the development. Reference ID 2143.	Politics
The tennis player reached the finals after a tough match. Officials expect significant long-term impact. Reference ID 2144.	Sports
The film received excellent reviews from critics. The announcement received mixed public reactions. Reference ID 2145.	Entertainment
The coach announced the squad for the upcoming tournament. The event attracted national media attention. Reference ID 2146.	Sports
The chief minister launched a public welfare scheme. Citizens welcomed the decision in many regions. Reference ID 2147.	Politics
A major bank reduced interest rates for home loans. Experts shared their opinions on the development. Reference ID 2148.	Business
The singer released a new music album worldwide. The news quickly spread across social media. Reference ID 2149.	Entertainment
The government announced a new tax policy to improve the economy. Officials expect significant long-term impact. Reference ID 2150.	Politics
The annual film festival attracted thousands of visitors. The news quickly spread across social media. Reference ID 2151.	Entertainment
The director revealed the official movie trailer. The announcement received mixed public reactions. Reference ID 2152.	Entertainment
The government announced a new tax policy to improve the economy. Citizens welcomed the decision in many regions. Reference ID 2153.	Politics
The government announced a new tax policy to improve the economy. The announcement received mixed public reactions. Reference ID 2154.	Politics
The company reported strong quarterly profits. The event attracted national media attention. Reference ID 2155.	Business
Parliament passed a new education reform bill after debate. The news quickly spread across social media. Reference ID 2156.	Politics
The singer released a new music album worldwide. The announcement received mixed public reactions. Reference ID 2157.	Entertainment
The film received excellent reviews from critics. The report highlighted important future plans. Reference ID 2158.	Entertainment
The election commission released the voting schedule. The news quickly spread across social media. Reference ID 2159.	Politics
India won the cricket match after a thrilling chase. Several analysts discussed the latest updates. Reference ID 2160.	Sports
India won the cricket match after a thrilling chase. Several analysts discussed the latest updates. Reference ID 2161.	Sports
A leading tech company launched a new AI model. Experts shared their opinions on the development. Reference ID 2162.	Technology
The athlete won a gold medal in the international event. Experts shared their opinions on the development. Reference ID 2163.	Sports
Investors welcomed the latest financial announcement. Citizens welcomed the decision in many regions. Reference ID 2164.	Business
A leading tech company launched a new AI model. Citizens welcomed the decision in many regions. Reference ID 2165.	Technology
The chief minister launched a public welfare scheme. Several analysts discussed the latest updates. Reference ID 2166.	Politics
The film received excellent reviews from critics. The event attracted national media attention. Reference ID 2167.	Entertainment
The startup introduced an innovative smart wearable device. The event attracted national media attention. Reference ID 2168.	Technology
Cloud computing adoption increased among businesses. The event attracted national media attention. Reference ID 2169.	Technology
The company reported strong quarterly profits. The event attracted national media attention. Reference ID 2170.	Business
The merger created one of the largest retail companies. Officials expect significant long-term impact. Reference ID 2171.	Business
Parliament passed a new education reform bill after debate. Several analysts discussed the latest updates. Reference ID 2172.	Politics
The director revealed the official movie trailer. The news quickly spread across social media. Reference ID 2173.	Entertainment
India won the cricket match after a thrilling chase. The announcement received mixed public reactions. Reference ID 2174.	Sports
The actor announced an upcoming action movie. Experts shared their opinions on the development. Reference ID 2175.	Entertainment
Investors welcomed the latest financial announcement. Citizens welcomed the decision in many regions. Reference ID 2176.	Business
Investors welcomed the latest financial announcement. Citizens welcomed the decision in many regions. Reference ID 2177.	Business
Investors welcomed the latest financial announcement. Experts shared their opinions on the development. Reference ID 2178.	Business
The merger created one of the largest retail companies. Citizens welcomed the decision in many regions. Reference ID 2179.	Business
The annual film festival attracted thousands of visitors. The event attracted national media attention. Reference ID 2180.	Entertainment
The coach announced the squad for the upcoming tournament. Citizens welcomed the decision in many regions. Reference ID 2181.	Sports
The chief minister launched a public welfare scheme. Several analysts discussed the latest updates. Reference ID 2182.	Politics
The film received excellent reviews from critics. The announcement received mixed public reactions. Reference ID 2183.	Entertainment
The singer released a new music album worldwide. Several analysts discussed the latest updates. Reference ID 2184.	Entertainment
The startup introduced an innovative smart wearable device. Citizens welcomed the decision in many regions. Reference ID 2185.	Technology
The annual film festival attracted thousands of visitors. The report highlighted important future plans. Reference ID 2186.	Entertainment
The singer released a new music album worldwide. Officials expect significant long-term impact. Reference ID 2187.	Entertainment
The foreign minister met leaders to discuss trade relations. Citizens welcomed the decision in many regions. Reference ID 2188.	Politics
The singer released a new music album worldwide. Officials expect significant long-term impact. Reference ID 2189.	Entertainment
Researchers developed an advanced machine learning system. Officials expect significant long-term impact. Reference ID 2190.	Technology
The coach announced the squad for the upcoming tournament. Officials expect significant long-term impact. Reference ID 2191.	Sports
The election commission released the voting schedule. The event attracted national media attention. Reference ID 2192.	Politics
The startup introduced an innovative smart wearable device. The announcement received mixed public reactions. Reference ID 2193.	Technology
The company reported strong quarterly profits. Several analysts discussed the latest updates. Reference ID 2194.	Business
The stock market closed at a record high today. Citizens welcomed the decision in many regions. Reference ID 2195.	Business
Cloud computing adoption increased among businesses. Several analysts discussed the latest updates. Reference ID 2196.	Technology
The stock market closed at a record high today. Several analysts discussed the latest updates. Reference ID 2197.	Business
A major bank reduced interest rates for home loans. The report highlighted important future plans. Reference ID 2198.	Business
The chief minister launched a public welfare scheme. The report highlighted important future plans. Reference ID 2199.	Politics
The athlete won a gold medal in the international event. Officials expect significant long-term impact. Reference ID 2200.	Sports
Parliament passed a new education reform bill after debate. Citizens welcomed the decision in many regions. Reference ID 2201.	Politics
Investors welcomed the latest financial announcement. The news quickly spread across social media. Reference ID 2202.	Business
The film received excellent reviews from critics. Citizens welcomed the decision in many regions. Reference ID 2203.	Entertainment
A major bank reduced interest rates for home loans. Experts shared their opinions on the development. Reference ID 2204.	Business
The singer released a new music album worldwide. Experts shared their opinions on the development. Reference ID 2205.	Entertainment
The film received excellent reviews from critics. Experts shared their opinions on the development. Reference ID 2206.	Entertainment
The singer released a new music album worldwide. Several analysts discussed the latest updates. Reference ID 2207.	Entertainment
The film received excellent reviews from critics. Citizens welcomed the decision in many regions. Reference ID 2208.	Entertainment
Researchers developed an advanced machine learning system. Several analysts discussed the latest updates. Reference ID 2209.	Technology
The stock market closed at a record high today. The report highlighted important future plans. Reference ID 2210.	Business
Parliament passed a new education reform bill after debate. Officials expect significant long-term impact. Reference ID 2211.	Politics
A major bank reduced interest rates for home loans. Citizens welcomed the decision in many regions. Reference ID 2212.	Business
The chief minister launched a public welfare scheme. The event attracted national media attention. Reference ID 2213.	Politics
A leading tech company launched a new AI model. Several analysts discussed the latest updates. Reference ID 2214.	Technology
The merger created one of the largest retail companies. Several analysts discussed the latest updates. Reference ID 2215.	Business
Researchers developed an advanced machine learning system. The event attracted national media attention. Reference ID 2216.	Technology
The singer released a new music album worldwide. The news quickly spread across social media. Reference ID 2217.	Entertainment
The film received excellent reviews from critics. The announcement received mixed public reactions. Reference ID 2218.	Entertainment
The tennis player reached the finals after a tough match. The announcement received mixed public reactions. Reference ID 2219.	Sports
The chief minister launched a public welfare scheme. The event attracted national media attention. Reference ID 2220.	Politics
Investors welcomed the latest financial announcement. The event attracted national media attention. Reference ID 2221.	Business
The stock market closed at a record high today. The announcement received mixed public reactions. Reference ID 2222.	Business
The annual film festival attracted thousands of visitors. The report highlighted important future plans. Reference ID 2223.	Entertainment
The merger created one of the largest retail companies. The event attracted national media attention. Reference ID 2224.	Business
The company reported strong quarterly profits. The announcement received mixed public reactions. Reference ID 2225.	Business
The merger created one of the largest retail companies. The report highlighted important future plans. Reference ID 2226.	Business
The athlete won a gold medal in the international event. Experts shared their opinions on the development. Reference ID 2227.	Sports
The football team lifted the national championship trophy. The event attracted national media attention. Reference ID 2228.	Sports
The actor announced an upcoming action movie. Several analysts discussed the latest updates. Reference ID 2229.	Entertainment
The film received excellent reviews from critics. The event attracted national media attention. Reference ID 2230.	Entertainment
The stock market closed at a record high today. The announcement received mixed public reactions. Reference ID 2231.	Business
India won the cricket match after a thrilling chase. Experts shared their opinions on the development. Reference ID 2232.	Sports
The chief minister launched a public welfare scheme. The announcement received mixed public reactions. Reference ID 2233.	Politics
The athlete won a gold medal in the international event. The report highlighted important future plans. Reference ID 2234.	Sports
Parliament passed a new education reform bill after debate. Citizens welcomed the decision in many regions. Reference ID 2235.	Politics
The stock market closed at a record high today. The event attracted national media attention. Reference ID 2236.	Business
The singer released a new music album worldwide. The event attracted national media attention. Reference ID 2237.	Entertainment
Parliament passed a new education reform bill after debate. Citizens welcomed the decision in many regions. Reference ID 2238.	Politics
Researchers developed an advanced machine learning system. Experts shared their opinions on the development. Reference ID 2239.	Technology
The athlete won a gold medal in the international event. Several analysts discussed the latest updates. Reference ID 2240.	Sports
The film received excellent reviews from critics. The announcement received mixed public reactions. Reference ID 2241.	Entertainment
The startup introduced an innovative smart wearable device. Several analysts discussed the latest updates. Reference ID 2242.	Technology
Cloud computing adoption increased among businesses. The event attracted national media attention. Reference ID 2243.	Technology
The director revealed the official movie trailer. Experts shared their opinions on the development. Reference ID 2244.	Entertainment
A cybersecurity update fixed major software vulnerabilities. The news quickly spread across social media. Reference ID 2245.	Technology
The merger created one of the largest retail companies. Several analysts discussed the latest updates. Reference ID 2246.	Business
Researchers developed an advanced machine learning system. Officials expect significant long-term impact. Reference ID 2247.	Technology
Parliament passed a new education reform bill after debate. Citizens welcomed the decision in many regions. Reference ID 2248.	Politics
The merger created one of the largest retail companies. Officials expect significant long-term impact. Reference ID 2249.	Business
A cybersecurity update fixed major software vulnerabilities. The news quickly spread across social media. Reference ID 2250.	Technology
Investors welcomed the latest financial announcement. Experts shared their opinions on the development. Reference ID 2251.	Business
A leading tech company launched a new AI model. The announcement received mixed public reactions. Reference ID 2252.	Technology
Investors welcomed the latest financial announcement. Citizens welcomed the decision in many regions. Reference ID 2253.	Business
The election commission released the voting schedule. The news quickly spread across social media. Reference ID 2254.	Politics
A major bank reduced interest rates for home loans. The news quickly spread across social media. Reference ID 2255.	Business
The athlete won a gold medal in the international event. The report highlighted important future plans. Reference ID 2256.	Sports
The merger created one of the largest retail companies. The news quickly spread across social media. Reference ID 2257.	Business
India won the cricket match after a thrilling chase. Officials expect significant long-term impact. Reference ID 2258.	Sports
The stock market closed at a record high today. Experts shared their opinions on the development. Reference ID 2259.	Business
India won the cricket match after a thrilling chase. The report highlighted important future plans. Reference ID 2260.	Sports
India won the cricket match after a thrilling chase. Officials expect significant long-term impact. Reference ID 2261.	Sports
The company reported strong quarterly profits. Several analysts discussed the latest updates. Reference ID 2262.	Business
The athlete won a gold medal in the international event. Officials expect significant long-term impact. Reference ID 2263.	Sports
The football team lifted the national championship trophy. The announcement received mixed public reactions. Reference ID 2264.	Sports
The stock market closed at a record high today. The news quickly spread across social media. Reference ID 2265.	Business
The government announced a new tax policy to improve the economy. The event attracted national media attention. Reference ID 2266.	Politics
The tennis player reached the finals after a tough match. The report highlighted important future plans. Reference ID 2267.	Sports
The company reported strong quarterly profits. Experts shared their opinions on the development. Reference ID 2268.	Business
India won the cricket match after a thrilling chase. Officials expect significant long-term impact. Reference ID 2269.	Sports
A major bank reduced interest rates for home loans. The news quickly spread across social media. Reference ID 2270.	Business
The film received excellent reviews from critics. Officials expect significant long-term impact. Reference ID 2271.	Entertainment
A cybersecurity update fixed major software vulnerabilities. Citizens welcomed the decision in many regions. Reference ID 2272.	Technology
The singer released a new music album worldwide. Officials expect significant long-term impact. Reference ID 2273.	Entertainment
The coach announced the squad for the upcoming tournament. Experts shared their opinions on the development. Reference ID 2274.	Sports
The startup introduced an innovative smart wearable device. Officials expect significant long-term impact. Reference ID 2275.	Technology
Researchers developed an advanced machine learning system. The announcement received mixed public reactions. Reference ID 2276.	Technology
The coach announced the squad for the upcoming tournament. Officials expect significant long-term impact. Reference ID 2277.	Sports
The coach announced the squad for the upcoming tournament. Citizens welcomed the decision in many regions. Reference ID 2278.	Sports
The stock market closed at a record high today. Experts shared their opinions on the development. Reference ID 2279.	Business
A leading tech company launched a new AI model. The news quickly spread across social media. Reference ID 2280.	Technology
The annual film festival attracted thousands of visitors. The announcement received mixed public reactions. Reference ID 2281.	Entertainment
The startup introduced an innovative smart wearable device. Citizens welcomed the decision in many regions. Reference ID 2282.	Technology
The chief minister launched a public welfare scheme. The announcement received mixed public reactions. Reference ID 2283.	Politics
The coach announced the squad for the upcoming tournament. Several analysts discussed the latest updates. Reference ID 2284.	Sports
Cloud computing adoption increased among businesses. The announcement received mixed public reactions. Reference ID 2285.	Technology
The football team lifted the national championship trophy. The report highlighted important future plans. Reference ID 2286.	Sports
Researchers developed an advanced machine learning system. Several analysts discussed the latest updates. Reference ID 2287.	Technology
The foreign minister met leaders to discuss trade relations. The announcement received mixed public reactions. Reference ID 2288.	Politics
The election commission released the voting schedule. The news quickly spread across social media. Reference ID 2289.	Politics
The tennis player reached the finals after a tough match. Experts shared their opinions on the development. Reference ID 2290.	Sports
The tennis player reached the finals after a tough match. Citizens welcomed the decision in many regions. Reference ID 2291.	Sports
The merger created one of the largest retail companies. The news quickly spread across social media. Reference ID 2292.	Business
A cybersecurity update fixed major software vulnerabilities. Officials expect significant long-term impact. Reference ID 2293.	Technology
The election commission released the voting schedule. The announcement received mixed public reactions. Reference ID 2294.	Politics
The director revealed the official movie trailer. The announcement received mixed public reactions. Reference ID 2295.	Entertainment
The actor announced an upcoming action movie. Officials expect significant long-term impact. Reference ID 2296.	Entertainment
The director revealed the official movie trailer. The report highlighted important future plans. Reference ID 2297.	Entertainment
The government announced a new tax policy to improve the economy. Experts shared their opinions on the development. Reference ID 2298.	Politics
The annual film festival attracted thousands of visitors. The announcement received mixed public reactions. Reference ID 2299.	Entertainment
The company reported strong quarterly profits. The event attracted national media attention. Reference ID 2300.	Business
The film received excellent reviews from critics. The announcement received mixed public reactions. Reference ID 2301.	Entertainment
Researchers developed an advanced machine learning system. Citizens welcomed the decision in many regions. Reference ID 2302.	Technology
India won the cricket match after a thrilling chase. Citizens welcomed the decision in many regions. Reference ID 2303.	Sports
The chief minister launched a public welfare scheme. Several analysts discussed the latest updates. Reference ID 2304.	Politics
The tennis player reached the finals after a tough match. The announcement received mixed public reactions. Reference ID 2305.	Sports
Parliament passed a new education reform bill after debate. The announcement received mixed public reactions. Reference ID 2306.	Politics
The coach announced the squad for the upcoming tournament. Several analysts discussed the latest updates. Reference ID 2307.	Sports
The annual film festival attracted thousands of visitors. The announcement received mixed public reactions. Reference ID 2308.	Entertainment
The startup introduced an innovative smart wearable device. The news quickly spread across social media. Reference ID 2309.	Technology
The athlete won a gold medal in the international event. Experts shared their opinions on the development. Reference ID 2310.	Sports
The film received excellent reviews from critics. Citizens welcomed the decision in many regions. Reference ID 2311.	Entertainment
The tennis player reached the finals after a tough match. The event attracted national media attention. Reference ID 2312.	Sports
The singer released a new music album worldwide. Officials expect significant long-term impact. Reference ID 2313.	Entertainment
The athlete won a gold medal in the international event. The news quickly spread across social media. Reference ID 2314.	Sports
The government announced a new tax policy to improve the economy. The announcement received mixed public reactions. Reference ID 2315.	Politics
The chief minister launched a public welfare scheme. The news quickly spread across social media. Reference ID 2316.	Politics
India won the cricket match after a thrilling chase. Officials expect significant long-term impact. Reference ID 2317.	Sports
The tennis player reached the finals after a tough match. Experts shared their opinions on the development. Reference ID 2318.	Sports
The merger created one of the largest retail companies. The announcement received mixed public reactions. Reference ID 2319.	Business
Cloud computing adoption increased among businesses. The announcement received mixed public reactions. Reference ID 2320.	Technology
The foreign minister met leaders to discuss trade relations. The news quickly spread across social media. Reference ID 2321.	Politics
The football team lifted the national championship trophy. Experts shared their opinions on the development. Reference ID 2322.	Sports
India won the cricket match after a thrilling chase. Citizens welcomed the decision in many regions. Reference ID 2323.	Sports
The government announced a new tax policy to improve the economy. The news quickly spread across social media. Reference ID 2324.	Politics
The singer released a new music album worldwide. Several analysts discussed the latest updates. Reference ID 2325.	Entertainment
A leading tech company launched a new AI model. The report highlighted important future plans. Reference ID 2326.	Technology
The singer released a new music album worldwide. Experts shared their opinions on the development. Reference ID 2327.	Entertainment
The startup introduced an innovative smart wearable device. The event attracted national media attention. Reference ID 2328.	Technology
The government announced a new tax policy to improve the economy. The news quickly spread across social media. Reference ID 2329.	Politics
The athlete won a gold medal in the international event. Officials expect significant long-term impact. Reference ID 2330.	Sports
The tennis player reached the finals after a tough match. Officials expect significant long-term impact. Reference ID 2331.	Sports
The football team lifted the national championship trophy. The news quickly spread across social media. Reference ID 2332.	Sports
A leading tech company launched a new AI model. Experts shared their opinions on the development. Reference ID 2333.	Technology
The stock market closed at a record high today. The report highlighted important future plans. Reference ID 2334.	Business
The film received excellent reviews from critics. The announcement received mixed public reactions. Reference ID 2335.	Entertainment
The actor announced an upcoming action movie. The news quickly spread across social media. Reference ID 2336.	Entertainment
The election commission released the voting schedule. The event attracted national media attention. Reference ID 2337.	Politics
The election commission released the voting schedule. Officials expect significant long-term impact. Reference ID 2338.	Politics
The merger created one of the largest retail companies. Officials expect significant long-term impact. Reference ID 2339.	Business
A cybersecurity update fixed major software vulnerabilities. Experts shared their opinions on the development. Reference ID 2340.	Technology
Investors welcomed the latest financial announcement. Officials expect significant long-term impact. Reference ID 2341.	Business
The merger created one of the largest retail companies. Several analysts discussed the latest updates. Reference ID 2342.	Business
The annual film festival attracted thousands of visitors. The announcement received mixed public reactions. Reference ID 2343.	Entertainment
The election commission released the voting schedule. The news quickly spread across social media. Reference ID 2344.	Politics
The football team lifted the national championship trophy. The report highlighted important future plans. Reference ID 2345.	Sports
The singer released a new music album worldwide. The report highlighted important future plans. Reference ID 2346.	Entertainment
The actor announced an upcoming action movie. The event attracted national media attention. Reference ID 2347.	Entertainment
A major bank reduced interest rates for home loans. The event attracted national media attention. Reference ID 2348.	Business
The stock market closed at a record high today. The news quickly spread across social media. Reference ID 2349.	Business
Cloud computing adoption increased among businesses. The event attracted national media attention. Reference ID 2350.	Technology
A leading tech company launched a new AI model. Several analysts discussed the latest updates. Reference ID 2351.	Technology
Investors welcomed the latest financial announcement. Experts shared their opinions on the development. Reference ID 2352.	Business
The chief minister launched a public welfare scheme. The event attracted national media attention. Reference ID 2353.	Politics
Investors welcomed the latest financial announcement. Several analysts discussed the latest updates. Reference ID 2354.	Business
The company reported strong quarterly profits. Citizens welcomed the decision in many regions. Reference ID 2355.	Business
The singer released a new music album worldwide. The announcement received mixed public reactions. Reference ID 2356.	Entertainment
The startup introduced an innovative smart wearable device. The report highlighted important future plans. Reference ID 2357.	Technology
The actor announced an upcoming action movie. Several analysts discussed the latest updates. Reference ID 2358.	Entertainment
A leading tech company launched a new AI model. Several analysts discussed the latest updates. Reference ID 2359.	Technology
The coach announced the squad for the upcoming tournament. The event attracted national media attention. Reference ID 2360.	Sports
The singer released a new music album worldwide. The announcement received mixed public reactions. Reference ID 2361.	Entertainment
India won the cricket match after a thrilling chase. The event attracted national media attention. Reference ID 2362.	Sports
The coach announced the squad for the upcoming tournament. Several analysts discussed the latest updates. Reference ID 2363.	Sports
Researchers developed an advanced machine learning system. Citizens welcomed the decision in many regions. Reference ID 2364.	Technology
The football team lifted the national championship trophy. Citizens welcomed the decision in many regions. Reference ID 2365.	Sports
The director revealed the official movie trailer. Several analysts discussed the latest updates. Reference ID 2366.	Entertainment
A major bank reduced interest rates for home loans. The news quickly spread across social media. Reference ID 2367.	Business
The coach announced the squad for the upcoming tournament. Experts shared their opinions on the development. Reference ID 2368.	Sports
Parliament passed a new education reform bill after debate. The announcement received mixed public reactions. Reference ID 2369.	Politics
The coach announced the squad for the upcoming tournament. Several analysts discussed the latest updates. Reference ID 2370.	Sports
A leading tech company launched a new AI model. The event attracted national media attention. Reference ID 2371.	Technology
The tennis player reached the finals after a tough match. The event attracted national media attention. Reference ID 2372.	Sports
The foreign minister met leaders to discuss trade relations. Citizens welcomed the decision in many regions. Reference ID 2373.	Politics
A major bank reduced interest rates for home loans. Several analysts discussed the latest updates. Reference ID 2374.	Business
A cybersecurity update fixed major software vulnerabilities. The event attracted national media attention. Reference ID 2375.	Technology
The actor announced an upcoming action movie. The report highlighted important future plans. Reference ID 2376.	Entertainment
A major bank reduced interest rates for home loans. Experts shared their opinions on the development. Reference ID 2377.	Business
The government announced a new tax policy to improve the economy. The event attracted national media attention. Reference ID 2378.	Politics
A major bank reduced interest rates for home loans. Officials expect significant long-term impact. Reference ID 2379.	Business
The director revealed the official movie trailer. Experts shared their opinions on the development. Reference ID 2380.	Entertainment
The startup introduced an innovative smart wearable device. Officials expect significant long-term impact. Reference ID 2381.	Technology
The election commission released the voting schedule. Officials expect significant long-term impact. Reference ID 2382.	Politics
The athlete won a gold medal in the international event. Experts shared their opinions on the development. Reference ID 2383.	Sports
The company reported strong quarterly profits. Several analysts discussed the latest updates. Reference ID 2384.	Business
The tennis player reached the finals after a tough match. Experts shared their opinions on the development. Reference ID 2385.	Sports
Investors welcomed the latest financial announcement. The event attracted national media attention. Reference ID 2386.	Business
The chief minister launched a public welfare scheme. The report highlighted important future plans. Reference ID 2387.	Politics
A cybersecurity update fixed major software vulnerabilities. Citizens welcomed the decision in many regions. Reference ID 2388.	Technology
The athlete won a gold medal in the international event. The report highlighted important future plans. Reference ID 2389.	Sports
The foreign minister met leaders to discuss trade relations. Citizens welcomed the decision in many regions. Reference ID 2390.	Politics
The football team lifted the national championship trophy. Experts shared their opinions on the development. Reference ID 2391.	Sports
The tennis player reached the finals after a tough match. Officials expect significant long-term impact. Reference ID 2392.	Sports
A leading tech company launched a new AI model. Several analysts discussed the latest updates. Reference ID 2393.	Technology
A major bank reduced interest rates for home loans. Officials expect significant long-term impact. Reference ID 2394.	Business
A cybersecurity update fixed major software vulnerabilities. The report highlighted important future plans. Reference ID 2395.	Technology
The athlete won a gold medal in the international event. Citizens welcomed the decision in many regions. Reference ID 2396.	Sports
The merger created one of the largest retail companies. The announcement received mixed public reactions. Reference ID 2397.	Business
A cybersecurity update fixed major software vulnerabilities. The event attracted national media attention. Reference ID 2398.	Technology
The startup introduced an innovative smart wearable device. The report highlighted important future plans. Reference ID 2399.	Technology
A leading tech company launched a new AI model. The news quickly spread across social media. Reference ID 2400.	Technology
The director revealed the official movie trailer. The event attracted national media attention. Reference ID 2401.	Entertainment
The tennis player reached the finals after a tough match. Experts shared their opinions on the development. Reference ID 2402.	Sports
The tennis player reached the finals after a tough match. The report highlighted important future plans. Reference ID 2403.	Sports
The director revealed the official movie trailer. The announcement received mixed public reactions. Reference ID 2404.	Entertainment
The startup introduced an innovative smart wearable device. Citizens welcomed the decision in many regions. Reference ID 2405.	Technology
Investors welcomed the latest financial announcement. Several analysts discussed the latest updates. Reference ID 2406.	Business
The election commission released the voting schedule. The report highlighted important future plans. Reference ID 2407.	Politics
The government announced a new tax policy to improve the economy. Several analysts discussed the latest updates. Reference ID 2408.	Politics
Cloud computing adoption increased among businesses. Citizens welcomed the decision in many regions. Reference ID 2409.	Technology
Researchers developed an advanced machine learning system. The announcement received mixed public reactions. Reference ID 2410.	Technology
The actor announced an upcoming action movie. The event attracted national media attention. Reference ID 2411.	Entertainment
The election commission released the voting schedule. Officials expect significant long-term impact. Reference ID 2412.	Politics
India won the cricket match after a thrilling chase. The event attracted national media attention. Reference ID 2413.	Sports
A major bank reduced interest rates for home loans. The event attracted national media attention. Reference ID 2414.	Business
The merger created one of the largest retail companies. Citizens welcomed the decision in many regions. Reference ID 2415.	Business
Researchers developed an advanced machine learning system. Officials expect significant long-term impact. Reference ID 2416.	Technology
The annual film festival attracted thousands of visitors. The event attracted national media attention. Reference ID 2417.	Entertainment
Researchers developed an advanced machine learning system. The news quickly spread across social media. Reference ID 2418.	Technology
A leading tech company launched a new AI model. The event attracted national media attention. Reference ID 2419.	Technology
The foreign minister met leaders to discuss trade relations. Experts shared their opinions on the development. Reference ID 2420.	Politics
The singer released a new music album worldwide. The event attracted national media attention. Reference ID 2421.	Entertainment
The company reported strong quarterly profits. Several analysts discussed the latest updates. Reference ID 2422.	Business
The football team lifted the national championship trophy. The news quickly spread across social media. Reference ID 2423.	Sports
The athlete won a gold medal in the international event. The announcement received mixed public reactions. Reference ID 2424.	Sports
A leading tech company launched a new AI model. The event attracted national media attention. Reference ID 2425.	Technology
Researchers developed an advanced machine learning system. The event attracted national media attention. Reference ID 2426.	Technology
The film received excellent reviews from critics. The announcement received mixed public reactions. Reference ID 2427.	Entertainment
The annual film festival attracted thousands of visitors. Several analysts discussed the latest updates. Reference ID 2428.	Entertainment
The singer released a new music album worldwide. The news quickly spread across social media. Reference ID 2429.	Entertainment
A leading tech company launched a new AI model. Citizens welcomed the decision in many regions. Reference ID 2430.	Technology
The actor announced an upcoming action movie. Citizens welcomed the decision in many regions. Reference ID 2431.	Entertainment
The foreign minister met leaders to discuss trade relations. The announcement received mixed public reactions. Reference ID 2432.	Politics
The election commission released the voting schedule. The news quickly spread across social media. Reference ID 2433.	Politics
The chief minister launched a public welfare scheme. Officials expect significant long-term impact. Reference ID 2434.	Politics
A major bank reduced interest rates for home loans. Experts shared their opinions on the development. Reference ID 2435.	Business
Investors welcomed the latest financial announcement. Experts shared their opinions on the development. Reference ID 2436.	Business
The foreign minister met leaders to discuss trade relations. The report highlighted important future plans. Reference ID 2437.	Politics
The chief minister launched a public welfare scheme. The news quickly spread across social media. Reference ID 2438.	Politics
A cybersecurity update fixed major software vulnerabilities. Citizens welcomed the decision in many regions. Reference ID 2439.	Technology
The annual film festival attracted thousands of visitors. The news quickly spread across social media. Reference ID 2440.	Entertainment
The athlete won a gold medal in the international event. The news quickly spread across social media. Reference ID 2441.	Sports
Cloud computing adoption increased among businesses. Experts shared their opinions on the development. Reference ID 2442.	Technology
The football team lifted the national championship trophy. Experts shared their opinions on the development. Reference ID 2443.	Sports
The film received excellent reviews from critics. The event attracted national media attention. Reference ID 2444.	Entertainment
A leading tech company launched a new AI model. Several analysts discussed the latest updates. Reference ID 2445.	Technology
The foreign minister met leaders to discuss trade relations. The announcement received mixed public reactions. Reference ID 2446.	Politics
The merger created one of the largest retail companies. The event attracted national media attention. Reference ID 2447.	Business
India won the cricket match after a thrilling chase. Citizens welcomed the decision in many regions. Reference ID 2448.	Sports
The film received excellent reviews from critics. Several analysts discussed the latest updates. Reference ID 2449.	Entertainment
The chief minister launched a public welfare scheme. Officials expect significant long-term impact. Reference ID 2450.	Politics
The merger created one of the largest retail companies. The report highlighted important future plans. Reference ID 2451.	Business
The tennis player reached the finals after a tough match. The news quickly spread across social media. Reference ID 2452.	Sports
The chief minister launched a public welfare scheme. Officials expect significant long-term impact. Reference ID 2453.	Politics
Researchers developed an advanced machine learning system. The announcement received mixed public reactions. Reference ID 2454.	Technology
The actor announced an upcoming action movie. The report highlighted important future plans. Reference ID 2455.	Entertainment
The football team lifted the national championship trophy. Several analysts discussed the latest updates. Reference ID 2456.	Sports
The athlete won a gold medal in the international event. Several analysts discussed the latest updates. Reference ID 2457.	Sports
The foreign minister met leaders to discuss trade relations. Experts shared their opinions on the development. Reference ID 2458.	Politics
The election commission released the voting schedule. The news quickly spread across social media. Reference ID 2459.	Politics
The stock market closed at a record high today. Several analysts discussed the latest updates. Reference ID 2460.	Business
The film received excellent reviews from critics. Officials expect significant long-term impact. Reference ID 2461.	Entertainment
The film received excellent reviews from critics. Citizens welcomed the decision in many regions. Reference ID 2462.	Entertainment
A leading tech company launched a new AI model. Experts shared their opinions on the development. Reference ID 2463.	Technology
The tennis player reached the finals after a tough match. The event attracted national media attention. Reference ID 2464.	Sports
The chief minister launched a public welfare scheme. The announcement received mixed public reactions. Reference ID 2465.	Politics
A leading tech company launched a new AI model. Officials expect significant long-term impact. Reference ID 2466.	Technology
The startup introduced an innovative smart wearable device. The report highlighted important future plans. Reference ID 2467.	Technology
The election commission released the voting schedule. Citizens welcomed the decision in many regions. Reference ID 2468.	Politics
The company reported strong quarterly profits. The announcement received mixed public reactions. Reference ID 2469.	Business
The annual film festival attracted thousands of visitors. Several analysts discussed the latest updates. Reference ID 2470.	Entertainment
The director revealed the official movie trailer. The news quickly spread across social media. Reference ID 2471.	Entertainment
A cybersecurity update fixed major software vulnerabilities. Experts shared their opinions on the development. Reference ID 2472.	Technology
The tennis player reached the finals after a tough match. The event attracted national media attention. Reference ID 2473.	Sports
The company reported strong quarterly profits. The event attracted national media attention. Reference ID 2474.	Business
The football team lifted the national championship trophy. Experts shared their opinions on the development. Reference ID 2475.	Sports
Parliament passed a new education reform bill after debate. The event attracted national media attention. Reference ID 2476.	Politics
The government announced a new tax policy to improve the economy. The announcement received mixed public reactions. Reference ID 2477.	Politics
The stock market closed at a record high today. The news quickly spread across social media. Reference ID 2478.	Business
The annual film festival attracted thousands of visitors. The announcement received mixed public reactions. Reference ID 2479.	Entertainment
A cybersecurity update fixed major software vulnerabilities. The report highlighted important future plans. Reference ID 2480.	Technology
The company reported strong quarterly profits. Experts shared their opinions on the development. Reference ID 2481.	Business
The football team lifted the national championship trophy. Citizens welcomed the decision in many regions. Reference ID 2482.	Sports
The stock market closed at a record high today. The announcement received mixed public reactions. Reference ID 2483.	Business
The singer released a new music album worldwide. The news quickly spread across social media. Reference ID 2484.	Entertainment
The merger created one of the largest retail companies. The report highlighted important future plans. Reference ID 2485.	Business
The foreign minister met leaders to discuss trade relations. Experts shared their opinions on the development. Reference ID 2486.	Politics
The company reported strong quarterly profits. The event attracted national media attention. Reference ID 2487.	Business
The coach announced the squad for the upcoming tournament. The report highlighted important future plans. Reference ID 2488.	Sports
The singer released a new music album worldwide. The announcement received mixed public reactions. Reference ID 2489.	Entertainment
Investors welcomed the latest financial announcement. The event attracted national media attention. Reference ID 2490.	Business
Parliament passed a new education reform bill after debate. The news quickly spread across social media. Reference ID 2491.	Politics
The chief minister launched a public welfare scheme. The news quickly spread across social media. Reference ID 2492.	Politics
Parliament passed a new education reform bill after debate. The announcement received mixed public reactions. Reference ID 2493.	Politics
India won the cricket match after a thrilling chase. Experts shared their opinions on the development. Reference ID 2494.	Sports
The stock market closed at a record high today. The event attracted national media attention. Reference ID 2495.	Business
The football team lifted the national championship trophy. Experts shared their opinions on the development. Reference ID 2496.	Sports
The annual film festival attracted thousands of visitors. The event attracted national media attention. Reference ID 2497.	Entertainment
A leading tech company launched a new AI model. Officials expect significant long-term impact. Reference ID 2498.	Technology
The stock market closed at a record high today. The report highlighted important future plans. Reference ID 2499.	Business
The government announced a new tax policy to improve the economy. Officials expect significant long-term impact. Reference ID 2500.	Politics
The athlete won a gold medal in the international event. Officials expect significant long-term impact. Reference ID 2501.	Sports
The annual film festival attracted thousands of visitors. Citizens welcomed the decision in many regions. Reference ID 2502.	Entertainment
The foreign minister met leaders to discuss trade relations. The event attracted national media attention. Reference ID 2503.	Politics
The government announced a new tax policy to improve the economy. Experts shared their opinions on the development. Reference ID 2504.	Politics
The actor announced an upcoming action movie. The announcement received mixed public reactions. Reference ID 2505.	Entertainment
The foreign minister met leaders to discuss trade relations. Several analysts discussed the latest updates. Reference ID 2506.	Politics
The merger created one of the largest retail companies. Experts shared their opinions on the development. Reference ID 2507.	Business
The singer released a new music album worldwide. Experts shared their opinions on the development. Reference ID 2508.	Entertainment
The athlete won a gold medal in the international event. The report highlighted important future plans. Reference ID 2509.	Sports
India won the cricket match after a thrilling chase. The news quickly spread across social media. Reference ID 2510.	Sports
The stock market closed at a record high today. The announcement received mixed public reactions. Reference ID 2511.	Business
The annual film festival attracted thousands of visitors. Citizens welcomed the decision in many regions. Reference ID 2512.	Entertainment
The government announced a new tax policy to improve the economy. The news quickly spread across social media. Reference ID 2513.	Politics
The government announced a new tax policy to improve the economy. Citizens welcomed the decision in many regions. Reference ID 2514.	Politics
A cybersecurity update fixed major software vulnerabilities. Several analysts discussed the latest updates. Reference ID 2515.	Technology
Researchers developed an advanced machine learning system. The report highlighted important future plans. Reference ID 2516.	Technology
The annual film festival attracted thousands of visitors. Citizens welcomed the decision in many regions. Reference ID 2517.	Entertainment
India won the cricket match after a thrilling chase. The announcement received mixed public reactions. Reference ID 2518.	Sports
The government announced a new tax policy to improve the economy. The announcement received mixed public reactions. Reference ID 2519.	Politics
The singer released a new music album worldwide. The event attracted national media attention. Reference ID 2520.	Entertainment
The merger created one of the largest retail companies. The news quickly spread across social media. Reference ID 2521.	Business
The government announced a new tax policy to improve the economy. Experts shared their opinions on the development. Reference ID 2522.	Politics
Parliament passed a new education reform bill after debate. The event attracted national media attention. Reference ID 2523.	Politics
Parliament passed a new education reform bill after debate. Several analysts discussed the latest updates. Reference ID 2524.	Politics
A major bank reduced interest rates for home loans. Officials expect significant long-term impact. Reference ID 2525.	Business
A cybersecurity update fixed major software vulnerabilities. Citizens welcomed the decision in many regions. Reference ID 2526.	Technology
The election commission released the voting schedule. The event attracted national media attention. Reference ID 2527.	Politics
Parliament passed a new education reform bill after debate. The report highlighted important future plans. Reference ID 2528.	Politics
The coach announced the squad for the upcoming tournament. Citizens welcomed the decision in many regions. Reference ID 2529.	Sports
Researchers developed an advanced machine learning system. Experts shared their opinions on the development. Reference ID 2530.	Technology
Investors welcomed the latest financial announcement. Experts shared their opinions on the development. Reference ID 2531.	Business
Researchers developed an advanced machine learning system. Citizens welcomed the decision in many regions. Reference ID 2532.	Technology
A leading tech company launched a new AI model. The news quickly spread across social media. Reference ID 2533.	Technology
A leading tech company launched a new AI model. Officials expect significant long-term impact. Reference ID 2534.	Technology
The government announced a new tax policy to improve the economy. Citizens welcomed the decision in many regions. Reference ID 2535.	Politics
A major bank reduced interest rates for home loans. Citizens welcomed the decision in many regions. Reference ID 2536.	Business
The foreign minister met leaders to discuss trade relations. The announcement received mixed public reactions. Reference ID 2537.	Politics
The company reported strong quarterly profits. The news quickly spread across social media. Reference ID 2538.	Business
The actor announced an upcoming action movie. The news quickly spread across social media. Reference ID 2539.	Entertainment
Investors welcomed the latest financial announcement. The announcement received mixed public reactions. Reference ID 2540.	Business
The football team lifted the national championship trophy. Several analysts discussed the latest updates. Reference ID 2541.	Sports
The election commission released the voting schedule. The event attracted national media attention. Reference ID 2542.	Politics
Parliament passed a new education reform bill after debate. The report highlighted important future plans. Reference ID 2543.	Politics
The singer released a new music album worldwide. Several analysts discussed the latest updates. Reference ID 2544.	Entertainment
The company reported strong quarterly profits. Citizens welcomed the decision in many regions. Reference ID 2545.	Business
A leading tech company launched a new AI model. The announcement received mixed public reactions. Reference ID 2546.	Technology
The tennis player reached the finals after a tough match. Officials expect significant long-term impact. Reference ID 2547.	Sports
The foreign minister met leaders to discuss trade relations. The announcement received mixed public reactions. Reference ID 2548.	Politics
A major bank reduced interest rates for home loans. The announcement received mixed public reactions. Reference ID 2549.	Business
The government announced a new tax policy to improve the economy. Experts shared their opinions on the development. Reference ID 2550.	Politics
The election commission released the voting schedule. The announcement received mixed public reactions. Reference ID 2551.	Politics
The athlete won a gold medal in the international event. The announcement received mixed public reactions. Reference ID 2552.	Sports
Investors welcomed the latest financial announcement. Several analysts discussed the latest updates. Reference ID 2553.	Business
The company reported strong quarterly profits. The announcement received mixed public reactions. Reference ID 2554.	Business
A cybersecurity update fixed major software vulnerabilities. The event attracted national media attention. Reference ID 2555.	Technology
The company reported strong quarterly profits. The report highlighted important future plans. Reference ID 2556.	Business
The chief minister launched a public welfare scheme. Citizens welcomed the decision in many regions. Reference ID 2557.	Politics
Researchers developed an advanced machine learning system. Experts shared their opinions on the development. Reference ID 2558.	Technology
The company reported strong quarterly profits. The announcement received mixed public reactions. Reference ID 2559.	Business
The tennis player reached the finals after a tough match. Citizens welcomed the decision in many regions. Reference ID 2560.	Sports
Cloud computing adoption increased among businesses. Experts shared their opinions on the development. Reference ID 2561.	Technology
India won the cricket match after a thrilling chase. The announcement received mixed public reactions. Reference ID 2562.	Sports
The athlete won a gold medal in the international event. Several analysts discussed the latest updates. Reference ID 2563.	Sports
Researchers developed an advanced machine learning system. Experts shared their opinions on the development. Reference ID 2564.	Technology
The coach announced the squad for the upcoming tournament. The announcement received mixed public reactions. Reference ID 2565.	Sports
The chief minister launched a public welfare scheme. Several analysts discussed the latest updates. Reference ID 2566.	Politics
The foreign minister met leaders to discuss trade relations. The news quickly spread across social media. Reference ID 2567.	Politics
The government announced a new tax policy to improve the economy. Several analysts discussed the latest updates. Reference ID 2568.	Politics
The election commission released the voting schedule. Officials expect significant long-term impact. Reference ID 2569.	Politics
A cybersecurity update fixed major software vulnerabilities. Officials expect significant long-term impact. Reference ID 2570.	Technology
The tennis player reached the finals after a tough match. Several analysts discussed the latest updates. Reference ID 2571.	Sports
A cybersecurity update fixed major software vulnerabilities. Officials expect significant long-term impact. Reference ID 2572.	Technology
The actor announced an upcoming action movie. The news quickly spread across social media. Reference ID 2573.	Entertainment
The tennis player reached the finals after a tough match. The event attracted national media attention. Reference ID 2574.	Sports
Parliament passed a new education reform bill after debate. The news quickly spread across social media. Reference ID 2575.	Politics
The coach announced the squad for the upcoming tournament. Citizens welcomed the decision in many regions. Reference ID 2576.	Sports
The coach announced the squad for the upcoming tournament. Several analysts discussed the latest updates. Reference ID 2577.	Sports
The government announced a new tax policy to improve the economy. The announcement received mixed public reactions. Reference ID 2578.	Politics
A major bank reduced interest rates for home loans. The news quickly spread across social media. Reference ID 2579.	Business
A leading tech company launched a new AI model. The report highlighted important future plans. Reference ID 2580.	Technology
The merger created one of the largest retail companies. The announcement received mixed public reactions. Reference ID 2581.	Business
The chief minister launched a public welfare scheme. The report highlighted important future plans. Reference ID 2582.	Politics
The chief minister launched a public welfare scheme. The announcement received mixed public reactions. Reference ID 2583.	Politics
The merger created one of the largest retail companies. Officials expect significant long-term impact. Reference ID 2584.	Business
The coach announced the squad for the upcoming tournament. The report highlighted important future plans. Reference ID 2585.	Sports
The government announced a new tax policy to improve the economy. The news quickly spread across social media. Reference ID 2586.	Politics
The election commission released the voting schedule. Citizens welcomed the decision in many regions. Reference ID 2587.	Politics
The merger created one of the largest retail companies. The news quickly spread across social media. Reference ID 2588.	Business
Cloud computing adoption increased among businesses. Experts shared their opinions on the development. Reference ID 2589.	Technology
The foreign minister met leaders to discuss trade relations. The news quickly spread across social media. Reference ID 2590.	Politics
The company reported strong quarterly profits. The event attracted national media attention. Reference ID 2591.	Business
The government announced a new tax policy to improve the economy. The event attracted national media attention. Reference ID 2592.	Politics
The actor announced an upcoming action movie. The news quickly spread across social media. Reference ID 2593.	Entertainment
The singer released a new music album worldwide. Citizens welcomed the decision in many regions. Reference ID 2594.	Entertainment
India won the cricket match after a thrilling chase. The announcement received mixed public reactions. Reference ID 2595.	Sports
A major bank reduced interest rates for home loans. The report highlighted important future plans. Reference ID 2596.	Business
The company reported strong quarterly profits. The announcement received mixed public reactions. Reference ID 2597.	Business
A major bank reduced interest rates for home loans. The announcement received mixed public reactions. Reference ID 2598.	Business
The tennis player reached the finals after a tough match. Citizens welcomed the decision in many regions. Reference ID 2599.	Sports
The government announced a new tax policy to improve the economy. The report highlighted important future plans. Reference ID 2600.	Politics
A major bank reduced interest rates for home loans. Officials expect significant long-term impact. Reference ID 2601.	Business
The actor announced an upcoming action movie. Experts shared their opinions on the development. Reference ID 2602.	Entertainment
The stock market closed at a record high today. The news quickly spread across social media. Reference ID 2603.	Business
Investors welcomed the latest financial announcement. Officials expect significant long-term impact. Reference ID 2604.	Business
Researchers developed an advanced machine learning system. The event attracted national media attention. Reference ID 2605.	Technology
A leading tech company launched a new AI model. Citizens welcomed the decision in many regions. Reference ID 2606.	Technology
The football team lifted the national championship trophy. Experts shared their opinions on the development. Reference ID 2607.	Sports
The director revealed the official movie trailer. The announcement received mixed public reactions. Reference ID 2608.	Entertainment
The company reported strong quarterly profits. Experts shared their opinions on the development. Reference ID 2609.	Business
The startup introduced an innovative smart wearable device. Officials expect significant long-term impact. Reference ID 2610.	Technology
The tennis player reached the finals after a tough match. Citizens welcomed the decision in many regions. Reference ID 2611.	Sports
The singer released a new music album worldwide. The announcement received mixed public reactions. Reference ID 2612.	Entertainment
The stock market closed at a record high today. Officials expect significant long-term impact. Reference ID 2613.	Business
The election commission released the voting schedule. The report highlighted important future plans. Reference ID 2614.	Politics
India won the cricket match after a thrilling chase. The report highlighted important future plans. Reference ID 2615.	Sports
Cloud computing adoption increased among businesses. The report highlighted important future plans. Reference ID 2616.	Technology
The athlete won a gold medal in the international event. The news quickly spread across social media. Reference ID 2617.	Sports
The coach announced the squad for the upcoming tournament. The news quickly spread across social media. Reference ID 2618.	Sports
The startup introduced an innovative smart wearable device. Several analysts discussed the latest updates. Reference ID 2619.	Technology
The tennis player reached the finals after a tough match. Experts shared their opinions on the development. Reference ID 2620.	Sports
The company reported strong quarterly profits. Citizens welcomed the decision in many regions. Reference ID 2621.	Business
The stock market closed at a record high today. Citizens welcomed the decision in many regions. Reference ID 2622.	Business
The football team lifted the national championship trophy. Experts shared their opinions on the development. Reference ID 2623.	Sports
The athlete won a gold medal in the international event. Several analysts discussed the latest updates. Reference ID 2624.	Sports
The director revealed the official movie trailer. The report highlighted important future plans. Reference ID 2625.	Entertainment
The annual film festival attracted thousands of visitors. The event attracted national media attention. Reference ID 2626.	Entertainment
The tennis player reached the finals after a tough match. The news quickly spread across social media. Reference ID 2627.	Sports
The actor announced an upcoming action movie. Several analysts discussed the latest updates. Reference ID 2628.	Entertainment
The company reported strong quarterly profits. Officials expect significant long-term impact. Reference ID 2629.	Business
The singer released a new music album worldwide. Citizens welcomed the decision in many regions. Reference ID 2630.	Entertainment
Parliament passed a new education reform bill after debate. The news quickly spread across social media. Reference ID 2631.	Politics
The company reported strong quarterly profits. The announcement received mixed public reactions. Reference ID 2632.	Business
The director revealed the official movie trailer. The event attracted national media attention. Reference ID 2633.	Entertainment
Cloud computing adoption increased among businesses. The news quickly spread across social media. Reference ID 2634.	Technology
The tennis player reached the finals after a tough match. The event attracted national media attention. Reference ID 2635.	Sports
The government announced a new tax policy to improve the economy. The event attracted national media attention. Reference ID 2636.	Politics
The government announced a new tax policy to improve the economy. Several analysts discussed the latest updates. Reference ID 2637.	Politics
The election commission released the voting schedule. Officials expect significant long-term impact. Reference ID 2638.	Politics
The coach announced the squad for the upcoming tournament. The announcement received mixed public reactions. Reference ID 2639.	Sports
The director revealed the official movie trailer. Several analysts discussed the latest updates. Reference ID 2640.	Entertainment
The annual film festival attracted thousands of visitors. The announcement received mixed public reactions. Reference ID 2641.	Entertainment
The company reported strong quarterly profits. The report highlighted important future plans. Reference ID 2642.	Business
The annual film festival attracted thousands of visitors. Citizens welcomed the decision in many regions. Reference ID 2643.	Entertainment
The annual film festival attracted thousands of visitors. The news quickly spread across social media. Reference ID 2644.	Entertainment
The stock market closed at a record high today. Several analysts discussed the latest updates. Reference ID 2645.	Business
The director revealed the official movie trailer. Officials expect significant long-term impact. Reference ID 2646.	Entertainment
Researchers developed an advanced machine learning system. The event attracted national media attention. Reference ID 2647.	Technology
Cloud computing adoption increased among businesses. Several analysts discussed the latest updates. Reference ID 2648.	Technology
The government announced a new tax policy to improve the economy. The report highlighted important future plans. Reference ID 2649.	Politics
The tennis player reached the finals after a tough match. Experts shared their opinions on the development. Reference ID 2650.	Sports
The merger created one of the largest retail companies. Citizens welcomed the decision in many regions. Reference ID 2651.	Business
The coach announced the squad for the upcoming tournament. Citizens welcomed the decision in many regions. Reference ID 2652.	Sports
The coach announced the squad for the upcoming tournament. The announcement received mixed public reactions. Reference ID 2653.	Sports
The athlete won a gold medal in the international event. The event attracted national media attention. Reference ID 2654.	Sports
The company reported strong quarterly profits. The news quickly spread across social media. Reference ID 2655.	Business
A cybersecurity update fixed major software vulnerabilities. The event attracted national media attention. Reference ID 2656.	Technology
A major bank reduced interest rates for home loans. Officials expect significant long-term impact. Reference ID 2657.	Business
The football team lifted the national championship trophy. Several analysts discussed the latest updates. Reference ID 2658.	Sports
The government announced a new tax policy to improve the economy. Officials expect significant long-term impact. Reference ID 2659.	Politics
Investors welcomed the latest financial announcement. The event attracted national media attention. Reference ID 2660.	Business
The chief minister launched a public welfare scheme. The report highlighted important future plans. Reference ID 2661.	Politics
Cloud computing adoption increased among businesses. Citizens welcomed the decision in many regions. Reference ID 2662.	Technology
The startup introduced an innovative smart wearable device. Citizens welcomed the decision in many regions. Reference ID 2663.	Technology
The coach announced the squad for the upcoming tournament. Experts shared their opinions on the development. Reference ID 2664.	Sports
The coach announced the squad for the upcoming tournament. Citizens welcomed the decision in many regions. Reference ID 2665.	Sports
The election commission released the voting schedule. The news quickly spread across social media. Reference ID 2666.	Politics
The athlete won a gold medal in the international event. The news quickly spread across social media. Reference ID 2667.	Sports
A cybersecurity update fixed major software vulnerabilities. Several analysts discussed the latest updates. Reference ID 2668.	Technology
India won the cricket match after a thrilling chase. The report highlighted important future plans. Reference ID 2669.	Sports
The actor announced an upcoming action movie. The news quickly spread across social media. Reference ID 2670.	Entertainment
The foreign minister met leaders to discuss trade relations. The event attracted national media attention. Reference ID 2671.	Politics
The film received excellent reviews from critics. Experts shared their opinions on the development. Reference ID 2672.	Entertainment
The government announced a new tax policy to improve the economy. Officials expect significant long-term impact. Reference ID 2673.	Politics
Parliament passed a new education reform bill after debate. Experts shared their opinions on the development. Reference ID 2674.	Politics
The football team lifted the national championship trophy. Officials expect significant long-term impact. Reference ID 2675.	Sports
Researchers developed an advanced machine learning system. Experts shared their opinions on the development. Reference ID 2676.	Technology
The government announced a new tax policy to improve the economy. The announcement received mixed public reactions. Reference ID 2677.	Politics
Parliament passed a new education reform bill after debate. Officials expect significant long-term impact. Reference ID 2678.	Politics
A major bank reduced interest rates for home loans. The announcement received mixed public reactions. Reference ID 2679.	Business
The film received excellent reviews from critics. Citizens welcomed the decision in many regions. Reference ID 2680.	Entertainment
The startup introduced an innovative smart wearable device. The report highlighted important future plans. Reference ID 2681.	Technology
A cybersecurity update fixed major software vulnerabilities. Experts shared their opinions on the development. Reference ID 2682.	Technology
The election commission released the voting schedule. Officials expect significant long-term impact. Reference ID 2683.	Politics
A leading tech company launched a new AI model. The announcement received mixed public reactions. Reference ID 2684.	Technology
The actor announced an upcoming action movie. Several analysts discussed the latest updates. Reference ID 2685.	Entertainment
The tennis player reached the finals after a tough match. Citizens welcomed the decision in many regions. Reference ID 2686.	Sports
The director revealed the official movie trailer. Officials expect significant long-term impact. Reference ID 2687.	Entertainment
The athlete won a gold medal in the international event. Experts shared their opinions on the development. Reference ID 2688.	Sports
The coach announced the squad for the upcoming tournament. The event attracted national media attention. Reference ID 2689.	Sports
A leading tech company launched a new AI model. The news quickly spread across social media. Reference ID 2690.	Technology
A leading tech company launched a new AI model. The report highlighted important future plans. Reference ID 2691.	Technology
The government announced a new tax policy to improve the economy. Officials expect significant long-term impact. Reference ID 2692.	Politics
The coach announced the squad for the upcoming tournament. The report highlighted important future plans. Reference ID 2693.	Sports
The athlete won a gold medal in the international event. The announcement received mixed public reactions. Reference ID 2694.	Sports
Investors welcomed the latest financial announcement. The event attracted national media attention. Reference ID 2695.	Business
India won the cricket match after a thrilling chase. The news quickly spread across social media. Reference ID 2696.	Sports
The singer released a new music album worldwide. The announcement received mixed public reactions. Reference ID 2697.	Entertainment
The company reported strong quarterly profits. Several analysts discussed the latest updates. Reference ID 2698.	Business
The director revealed the official movie trailer. Citizens welcomed the decision in many regions. Reference ID 2699.	Entertainment
The government announced a new tax policy to improve the economy. The news quickly spread across social media. Reference ID 2700.	Politics
Parliament passed a new education reform bill after debate. Several analysts discussed the latest updates. Reference ID 2701.	Politics
The coach announced the squad for the upcoming tournament. The news quickly spread across social media. Reference ID 2702.	Sports
The football team lifted the national championship trophy. Several analysts discussed the latest updates. Reference ID 2703.	Sports
Researchers developed an advanced machine learning system. Officials expect significant long-term impact. Reference ID 2704.	Technology
Parliament passed a new education reform bill after debate. The report highlighted important future plans. Reference ID 2705.	Politics
A cybersecurity update fixed major software vulnerabilities. The event attracted national media attention. Reference ID 2706.	Technology
Cloud computing adoption increased among businesses. Several analysts discussed the latest updates. Reference ID 2707.	Technology
The foreign minister met leaders to discuss trade relations. Citizens welcomed the decision in many regions. Reference ID 2708.	Politics
The election commission released the voting schedule. Experts shared their opinions on the development. Reference ID 2709.	Politics
Cloud computing adoption increased among businesses. The news quickly spread across social media. Reference ID 2710.	Technology
The football team lifted the national championship trophy. The news quickly spread across social media. Reference ID 2711.	Sports
The stock market closed at a record high today. The news quickly spread across social media. Reference ID 2712.	Business
A leading tech company launched a new AI model. Citizens welcomed the decision in many regions. Reference ID 2713.	Technology
Investors welcomed the latest financial announcement. Several analysts discussed the latest updates. Reference ID 2714.	Business
The government announced a new tax policy to improve the economy. The announcement received mixed public reactions. Reference ID 2715.	Politics
The director revealed the official movie trailer. The event attracted national media attention. Reference ID 2716.	Entertainment
The stock market closed at a record high today. Several analysts discussed the latest updates. Reference ID 2717.	Business
The singer released a new music album worldwide. The report highlighted important future plans. Reference ID 2718.	Entertainment
The startup introduced an innovative smart wearable device. The event attracted national media attention. Reference ID 2719.	Technology
Cloud computing adoption increased among businesses. The report highlighted important future plans. Reference ID 2720.	Technology
Cloud computing adoption increased among businesses. Experts shared their opinions on the development. Reference ID 2721.	Technology
The chief minister launched a public welfare scheme. The announcement received mixed public reactions. Reference ID 2722.	Politics
Researchers developed an advanced machine learning system. Experts shared their opinions on the development. Reference ID 2723.	Technology
The singer released a new music album worldwide. The announcement received mixed public reactions. Reference ID 2724.	Entertainment
Investors welcomed the latest financial announcement. Experts shared their opinions on the development. Reference ID 2725.	Business
A leading tech company launched a new AI model. Citizens welcomed the decision in many regions. Reference ID 2726.	Technology
Investors welcomed the latest financial announcement. The announcement received mixed public reactions. Reference ID 2727.	Business
The coach announced the squad for the upcoming tournament. The announcement received mixed public reactions. Reference ID 2728.	Sports
The government announced a new tax policy to improve the economy. Several analysts discussed the latest updates. Reference ID 2729.	Politics
The athlete won a gold medal in the international event. The announcement received mixed public reactions. Reference ID 2730.	Sports
The election commission released the voting schedule. Officials expect significant long-term impact. Reference ID 2731.	Politics
The annual film festival attracted thousands of visitors. The event attracted national media attention. Reference ID 2732.	Entertainment
The football team lifted the national championship trophy. Officials expect significant long-term impact. Reference ID 2733.	Sports
The merger created one of the largest retail companies. Citizens welcomed the decision in many regions. Reference ID 2734.	Business
A leading tech company launched a new AI model. The news quickly spread across social media. Reference ID 2735.	Technology
Investors welcomed the latest financial announcement. The announcement received mixed public reactions. Reference ID 2736.	Business
The election commission released the voting schedule. The event attracted national media attention. Reference ID 2737.	Politics
The company reported strong quarterly profits. Officials expect significant long-term impact. Reference ID 2738.	Business
The film received excellent reviews from critics. The report highlighted important future plans. Reference ID 2739.	Entertainment
The company reported strong quarterly profits. Officials expect significant long-term impact. Reference ID 2740.	Business
The coach announced the squad for the upcoming tournament. The announcement received mixed public reactions. Reference ID 2741.	Sports
The film received excellent reviews from critics. The news quickly spread across social media. Reference ID 2742.	Entertainment
The election commission released the voting schedule. The report highlighted important future plans. Reference ID 2743.	Politics
The athlete won a gold medal in the international event. Citizens welcomed the decision in many regions. Reference ID 2744.	Sports
Researchers developed an advanced machine learning system. Citizens welcomed the decision in many regions. Reference ID 2745.	Technology
The coach announced the squad for the upcoming tournament. Experts shared their opinions on the development. Reference ID 2746.	Sports
Parliament passed a new education reform bill after debate. Citizens welcomed the decision in many regions. Reference ID 2747.	Politics
The election commission released the voting schedule. Experts shared their opinions on the development. Reference ID 2748.	Politics
The election commission released the voting schedule. The news quickly spread across social media. Reference ID 2749.	Politics
A cybersecurity update fixed major software vulnerabilities. Citizens welcomed the decision in many regions. Reference ID 2750.	Technology
A cybersecurity update fixed major software vulnerabilities. Citizens welcomed the decision in many regions. Reference ID 2751.	Technology
The merger created one of the largest retail companies. Several analysts discussed the latest updates. Reference ID 2752.	Business
Parliament passed a new education reform bill after debate. Experts shared their opinions on the development. Reference ID 2753.	Politics
Investors welcomed the latest financial announcement. The news quickly spread across social media. Reference ID 2754.	Business
Parliament passed a new education reform bill after debate. Officials expect significant long-term impact. Reference ID 2755.	Politics
A cybersecurity update fixed major software vulnerabilities. Citizens welcomed the decision in many regions. Reference ID 2756.	Technology
The merger created one of the largest retail companies. Several analysts discussed the latest updates. Reference ID 2757.	Business
The football team lifted the national championship trophy. Citizens welcomed the decision in many regions. Reference ID 2758.	Sports
The election commission released the voting schedule. Officials expect significant long-term impact. Reference ID 2759.	Politics
Researchers developed an advanced machine learning system. Experts shared their opinions on the development. Reference ID 2760.	Technology
The director revealed the official movie trailer. Citizens welcomed the decision in many regions. Reference ID 2761.	Entertainment
The merger created one of the largest retail companies. The news quickly spread across social media. Reference ID 2762.	Business
A cybersecurity update fixed major software vulnerabilities. The news quickly spread across social media. Reference ID 2763.	Technology
The government announced a new tax policy to improve the economy. The announcement received mixed public reactions. Reference ID 2764.	Politics
A leading tech company launched a new AI model. Experts shared their opinions on the development. Reference ID 2765.	Technology
The tennis player reached the finals after a tough match. The announcement received mixed public reactions. Reference ID 2766.	Sports
The actor announced an upcoming action movie. The report highlighted important future plans. Reference ID 2767.	Entertainment
Parliament passed a new education reform bill after debate. The report highlighted important future plans. Reference ID 2768.	Politics
A major bank reduced interest rates for home loans. The report highlighted important future plans. Reference ID 2769.	Business
A major bank reduced interest rates for home loans. The report highlighted important future plans. Reference ID 2770.	Business
A cybersecurity update fixed major software vulnerabilities. Several analysts discussed the latest updates. Reference ID 2771.	Technology
Cloud computing adoption increased among businesses. The announcement received mixed public reactions. Reference ID 2772.	Technology
The annual film festival attracted thousands of visitors. The announcement received mixed public reactions. Reference ID 2773.	Entertainment
The merger created one of the largest retail companies. The event attracted national media attention. Reference ID 2774.	Business
Parliament passed a new education reform bill after debate. The news quickly spread across social media. Reference ID 2775.	Politics
The tennis player reached the finals after a tough match. Citizens welcomed the decision in many regions. Reference ID 2776.	Sports
The foreign minister met leaders to discuss trade relations. Experts shared their opinions on the development. Reference ID 2777.	Politics
Investors welcomed the latest financial announcement. The event attracted national media attention. Reference ID 2778.	Business
Parliament passed a new education reform bill after debate. The event attracted national media attention. Reference ID 2779.	Politics
Parliament passed a new education reform bill after debate. Several analysts discussed the latest updates. Reference ID 2780.	Politics
The film received excellent reviews from critics. The announcement received mixed public reactions. Reference ID 2781.	Entertainment
The athlete won a gold medal in the international event. Experts shared their opinions on the development. Reference ID 2782.	Sports
The tennis player reached the finals after a tough match. The event attracted national media attention. Reference ID 2783.	Sports
The coach announced the squad for the upcoming tournament. The announcement received mixed public reactions. Reference ID 2784.	Sports
The company reported strong quarterly profits. Citizens welcomed the decision in many regions. Reference ID 2785.	Business
A cybersecurity update fixed major software vulnerabilities. Officials expect significant long-term impact. Reference ID 2786.	Technology
Investors welcomed the latest financial announcement. Experts shared their opinions on the development. Reference ID 2787.	Business
The athlete won a gold medal in the international event. The event attracted national media attention. Reference ID 2788.	Sports
The singer released a new music album worldwide. Officials expect significant long-term impact. Reference ID 2789.	Entertainment
The foreign minister met leaders to discuss trade relations. The announcement received mixed public reactions. Reference ID 2790.	Politics
The film received excellent reviews from critics. Experts shared their opinions on the development. Reference ID 2791.	Entertainment
Parliament passed a new education reform bill after debate. Experts shared their opinions on the development. Reference ID 2792.	Politics
The singer released a new music album worldwide. The report highlighted important future plans. Reference ID 2793.	Entertainment
The athlete won a gold medal in the international event. The news quickly spread across social media. Reference ID 2794.	Sports
The football team lifted the national championship trophy. The report highlighted important future plans. Reference ID 2795.	Sports
The chief minister launched a public welfare scheme. Officials expect significant long-term impact. Reference ID 2796.	Politics
The film received excellent reviews from critics. Several analysts discussed the latest updates. Reference ID 2797.	Entertainment
The coach announced the squad for the upcoming tournament. The news quickly spread across social media. Reference ID 2798.	Sports
The director revealed the official movie trailer. Experts shared their opinions on the development. Reference ID 2799.	Entertainment
The government announced a new tax policy to improve the economy. Citizens welcomed the decision in many regions. Reference ID 2800.	Politics
The football team lifted the national championship trophy. Several analysts discussed the latest updates. Reference ID 2801.	Sports
The athlete won a gold medal in the international event. Officials expect significant long-term impact. Reference ID 2802.	Sports
The athlete won a gold medal in the international event. Officials expect significant long-term impact. Reference ID 2803.	Sports
The athlete won a gold medal in the international event. The announcement received mixed public reactions. Reference ID 2804.	Sports
Investors welcomed the latest financial announcement. The news quickly spread across social media. Reference ID 2805.	Business
The startup introduced an innovative smart wearable device. Experts shared their opinions on the development. Reference ID 2806.	Technology
The stock market closed at a record high today. The report highlighted important future plans. Reference ID 2807.	Business
The government announced a new tax policy to improve the economy. The event attracted national media attention. Reference ID 2808.	Politics
The tennis player reached the finals after a tough match. The report highlighted important future plans. Reference ID 2809.	Sports
The football team lifted the national championship trophy. Citizens welcomed the decision in many regions. Reference ID 2810.	Sports
The company reported strong quarterly profits. The news quickly spread across social media. Reference ID 2811.	Business
The football team lifted the national championship trophy. The event attracted national media attention. Reference ID 2812.	Sports
Cloud computing adoption increased among businesses. The event attracted national media attention. Reference ID 2813.	Technology
A cybersecurity update fixed major software vulnerabilities. Officials expect significant long-term impact. Reference ID 2814.	Technology
The coach announced the squad for the upcoming tournament. The announcement received mixed public reactions. Reference ID 2815.	Sports
The football team lifted the national championship trophy. Citizens welcomed the decision in many regions. Reference ID 2816.	Sports
The foreign minister met leaders to discuss trade relations. Several analysts discussed the latest updates. Reference ID 2817.	Politics
The coach announced the squad for the upcoming tournament. The report highlighted important future plans. Reference ID 2818.	Sports
Investors welcomed the latest financial announcement. The report highlighted important future plans. Reference ID 2819.	Business
A major bank reduced interest rates for home loans. The report highlighted important future plans. Reference ID 2820.	Business
The singer released a new music album worldwide. The report highlighted important future plans. Reference ID 2821.	Entertainment
The annual film festival attracted thousands of visitors. Officials expect significant long-term impact. Reference ID 2822.	Entertainment
The singer released a new music album worldwide. The news quickly spread across social media. Reference ID 2823.	Entertainment
The election commission released the voting schedule. The event attracted national media attention. Reference ID 2824.	Politics
The chief minister launched a public welfare scheme. The announcement received mixed public reactions. Reference ID 2825.	Politics
The startup introduced an innovative smart wearable device. Citizens welcomed the decision in many regions. Reference ID 2826.	Technology
The startup introduced an innovative smart wearable device. Officials expect significant long-term impact. Reference ID 2827.	Technology
Investors welcomed the latest financial announcement. Experts shared their opinions on the development. Reference ID 2828.	Business
The chief minister launched a public welfare scheme. Citizens welcomed the decision in many regions. Reference ID 2829.	Politics
The director revealed the official movie trailer. The event attracted national media attention. Reference ID 2830.	Entertainment
The film received excellent reviews from critics. Officials expect significant long-term impact. Reference ID 2831.	Entertainment
The actor announced an upcoming action movie. Officials expect significant long-term impact. Reference ID 2832.	Entertainment
The startup introduced an innovative smart wearable device. Citizens welcomed the decision in many regions. Reference ID 2833.	Technology
The annual film festival attracted thousands of visitors. The news quickly spread across social media. Reference ID 2834.	Entertainment
Researchers developed an advanced machine learning system. The event attracted national media attention. Reference ID 2835.	Technology
The tennis player reached the finals after a tough match. The announcement received mixed public reactions. Reference ID 2836.	Sports
India won the cricket match after a thrilling chase. Citizens welcomed the decision in many regions. Reference ID 2837.	Sports
The merger created one of the largest retail companies. The report highlighted important future plans. Reference ID 2838.	Business
A cybersecurity update fixed major software vulnerabilities. Experts shared their opinions on the development. Reference ID 2839.	Technology
Cloud computing adoption increased among businesses. Citizens welcomed the decision in many regions. Reference ID 2840.	Technology
The stock market closed at a record high today. Citizens welcomed the decision in many regions. Reference ID 2841.	Business
The startup introduced an innovative smart wearable device. Several analysts discussed the latest updates. Reference ID 2842.	Technology
The election commission released the voting schedule. The event attracted national media attention. Reference ID 2843.	Politics
The election commission released the voting schedule. Experts shared their opinions on the development. Reference ID 2844.	Politics
A cybersecurity update fixed major software vulnerabilities. Several analysts discussed the latest updates. Reference ID 2845.	Technology
The company reported strong quarterly profits. The event attracted national media attention. Reference ID 2846.	Business
The government announced a new tax policy to improve the economy. The news quickly spread across social media. Reference ID 2847.	Politics
India won the cricket match after a thrilling chase. Officials expect significant long-term impact. Reference ID 2848.	Sports
The tennis player reached the finals after a tough match. The news quickly spread across social media. Reference ID 2849.	Sports
India won the cricket match after a thrilling chase. The event attracted national media attention. Reference ID 2850.	Sports
A leading tech company launched a new AI model. The announcement received mixed public reactions. Reference ID 2851.	Technology
The athlete won a gold medal in the international event. The announcement received mixed public reactions. Reference ID 2852.	Sports
The coach announced the squad for the upcoming tournament. The news quickly spread across social media. Reference ID 2853.	Sports
The chief minister launched a public welfare scheme. The event attracted national media attention. Reference ID 2854.	Politics
The stock market closed at a record high today. Officials expect significant long-term impact. Reference ID 2855.	Business
The singer released a new music album worldwide. Several analysts discussed the latest updates. Reference ID 2856.	Entertainment
The government announced a new tax policy to improve the economy. Experts shared their opinions on the development. Reference ID 2857.	Politics
India won the cricket match after a thrilling chase. Experts shared their opinions on the development. Reference ID 2858.	Sports
The election commission released the voting schedule. Officials expect significant long-term impact. Reference ID 2859.	Politics
The chief minister launched a public welfare scheme. Officials expect significant long-term impact. Reference ID 2860.	Politics
Parliament passed a new education reform bill after debate. The news quickly spread across social media. Reference ID 2861.	Politics
The film received excellent reviews from critics. The news quickly spread across social media. Reference ID 2862.	Entertainment
A leading tech company launched a new AI model. The event attracted national media attention. Reference ID 2863.	Technology
The startup introduced an innovative smart wearable device. The event attracted national media attention. Reference ID 2864.	Technology
The startup introduced an innovative smart wearable device. The news quickly spread across social media. Reference ID 2865.	Technology
The stock market closed at a record high today. Officials expect significant long-term impact. Reference ID 2866.	Business
The football team lifted the national championship trophy. Officials expect significant long-term impact. Reference ID 2867.	Sports
A leading tech company launched a new AI model. The report highlighted important future plans. Reference ID 2868.	Technology
The annual film festival attracted thousands of visitors. Experts shared their opinions on the development. Reference ID 2869.	Entertainment
Investors welcomed the latest financial announcement. Experts shared their opinions on the development. Reference ID 2870.	Business
The merger created one of the largest retail companies. Experts shared their opinions on the development. Reference ID 2871.	Business
The film received excellent reviews from critics. The event attracted national media attention. Reference ID 2872.	Entertainment
The singer released a new music album worldwide. Experts shared their opinions on the development. Reference ID 2873.	Entertainment
The annual film festival attracted thousands of visitors. Officials expect significant long-term impact. Reference ID 2874.	Entertainment
The company reported strong quarterly profits. The event attracted national media attention. Reference ID 2875.	Business
India won the cricket match after a thrilling chase. Experts shared their opinions on the development. Reference ID 2876.	Sports
The startup introduced an innovative smart wearable device. The news quickly spread across social media. Reference ID 2877.	Technology
The director revealed the official movie trailer. The event attracted national media attention. Reference ID 2878.	Entertainment
The startup introduced an innovative smart wearable device. Officials expect significant long-term impact. Reference ID 2879.	Technology
The startup introduced an innovative smart wearable device. The news quickly spread across social media. Reference ID 2880.	Technology
Researchers developed an advanced machine learning system. Experts shared their opinions on the development. Reference ID 2881.	Technology
The film received excellent reviews from critics. Citizens welcomed the decision in many regions. Reference ID 2882.	Entertainment
The film received excellent reviews from critics. Citizens welcomed the decision in many regions. Reference ID 2883.	Entertainment
The athlete won a gold medal in the international event. The report highlighted important future plans. Reference ID 2884.	Sports
A leading tech company launched a new AI model. The report highlighted important future plans. Reference ID 2885.	Technology
Parliament passed a new education reform bill after debate. The event attracted national media attention. Reference ID 2886.	Politics
The foreign minister met leaders to discuss trade relations. The event attracted national media attention. Reference ID 2887.	Politics
Cloud computing adoption increased among businesses. The event attracted national media attention. Reference ID 2888.	Technology
The government announced a new tax policy to improve the economy. Officials expect significant long-term impact. Reference ID 2889.	Politics
The chief minister launched a public welfare scheme. Several analysts discussed the latest updates. Reference ID 2890.	Politics
The foreign minister met leaders to discuss trade relations. The event attracted national media attention. Reference ID 2891.	Politics
A major bank reduced interest rates for home loans. The announcement received mixed public reactions. Reference ID 2892.	Business
A major bank reduced interest rates for home loans. The announcement received mixed public reactions. Reference ID 2893.	Business
The chief minister launched a public welfare scheme. Several analysts discussed the latest updates. Reference ID 2894.	Politics
India won the cricket match after a thrilling chase. Several analysts discussed the latest updates. Reference ID 2895.	Sports
A cybersecurity update fixed major software vulnerabilities. The news quickly spread across social media. Reference ID 2896.	Technology
The annual film festival attracted thousands of visitors. The event attracted national media attention. Reference ID 2897.	Entertainment
The film received excellent reviews from critics. The report highlighted important future plans. Reference ID 2898.	Entertainment
The startup introduced an innovative smart wearable device. The report highlighted important future plans. Reference ID 2899.	Technology
The government announced a new tax policy to improve the economy. Officials expect significant long-term impact. Reference ID 2900.	Politics
A leading tech company launched a new AI model. Officials expect significant long-term impact. Reference ID 2901.	Technology
The startup introduced an innovative smart wearable device. The news quickly spread across social media. Reference ID 2902.	Technology
Cloud computing adoption increased among businesses. Experts shared their opinions on the development. Reference ID 2903.	Technology
The merger created one of the largest retail companies. Experts shared their opinions on the development. Reference ID 2904.	Business
The government announced a new tax policy to improve the economy. Experts shared their opinions on the development. Reference ID 2905.	Politics
The coach announced the squad for the upcoming tournament. The report highlighted important future plans. Reference ID 2906.	Sports
The election commission released the voting schedule. Citizens welcomed the decision in many regions. Reference ID 2907.	Politics
The singer released a new music album worldwide. Officials expect significant long-term impact. Reference ID 2908.	Entertainment
Parliament passed a new education reform bill after debate. Several analysts discussed the latest updates. Reference ID 2909.	Politics
Researchers developed an advanced machine learning system. Officials expect significant long-term impact. Reference ID 2910.	Technology
The coach announced the squad for the upcoming tournament. The news quickly spread across social media. Reference ID 2911.	Sports
A cybersecurity update fixed major software vulnerabilities. Experts shared their opinions on the development. Reference ID 2912.	Technology
The football team lifted the national championship trophy. Several analysts discussed the latest updates. Reference ID 2913.	Sports
The chief minister launched a public welfare scheme. The report highlighted important future plans. Reference ID 2914.	Politics
India won the cricket match after a thrilling chase. The event attracted national media attention. Reference ID 2915.	Sports
A major bank reduced interest rates for home loans. Experts shared their opinions on the development. Reference ID 2916.	Business
The company reported strong quarterly profits. The report highlighted important future plans. Reference ID 2917.	Business
Investors welcomed the latest financial announcement. The news quickly spread across social media. Reference ID 2918.	Business
Researchers developed an advanced machine learning system. The announcement received mixed public reactions. Reference ID 2919.	Technology
The film received excellent reviews from critics. The event attracted national media attention. Reference ID 2920.	Entertainment
The football team lifted the national championship trophy. The report highlighted important future plans. Reference ID 2921.	Sports
The merger created one of the largest retail companies. Several analysts discussed the latest updates. Reference ID 2922.	Business
The film received excellent reviews from critics. The announcement received mixed public reactions. Reference ID 2923.	Entertainment
The director revealed the official movie trailer. Citizens welcomed the decision in many regions. Reference ID 2924.	Entertainment
The tennis player reached the finals after a tough match. The announcement received mixed public reactions. Reference ID 2925.	Sports
The startup introduced an innovative smart wearable device. The announcement received mixed public reactions. Reference ID 2926.	Technology
The coach announced the squad for the upcoming tournament. Several analysts discussed the latest updates. Reference ID 2927.	Sports
The startup introduced an innovative smart wearable device. Officials expect significant long-term impact. Reference ID 2928.	Technology
A leading tech company launched a new AI model. Citizens welcomed the decision in many regions. Reference ID 2929.	Technology
The coach announced the squad for the upcoming tournament. The announcement received mixed public reactions. Reference ID 2930.	Sports
The startup introduced an innovative smart wearable device. Citizens welcomed the decision in many regions. Reference ID 2931.	Technology
The film received excellent reviews from critics. The report highlighted important future plans. Reference ID 2932.	Entertainment
The athlete won a gold medal in the international event. Officials expect significant long-term impact. Reference ID 2933.	Sports
Researchers developed an advanced machine learning system. The news quickly spread across social media. Reference ID 2934.	Technology
A cybersecurity update fixed major software vulnerabilities. The news quickly spread across social media. Reference ID 2935.	Technology
The actor announced an upcoming action movie. The event attracted national media attention. Reference ID 2936.	Entertainment
Parliament passed a new education reform bill after debate. The announcement received mixed public reactions. Reference ID 2937.	Politics
The athlete won a gold medal in the international event. The announcement received mixed public reactions. Reference ID 2938.	Sports
India won the cricket match after a thrilling chase. Several analysts discussed the latest updates. Reference ID 2939.	Sports
Parliament passed a new education reform bill after debate. Experts shared their opinions on the development. Reference ID 2940.	Politics
A leading tech company launched a new AI model. The event attracted national media attention. Reference ID 2941.	Technology
The election commission released the voting schedule. Citizens welcomed the decision in many regions. Reference ID 2942.	Politics
The actor announced an upcoming action movie. The event attracted national media attention. Reference ID 2943.	Entertainment
Cloud computing adoption increased among businesses. Officials expect significant long-term impact. Reference ID 2944.	Technology
The foreign minister met leaders to discuss trade relations. The news quickly spread across social media. Reference ID 2945.	Politics
The football team lifted the national championship trophy. The announcement received mixed public reactions. Reference ID 2946.	Sports
India won the cricket match after a thrilling chase. Several analysts discussed the latest updates. Reference ID 2947.	Sports
The annual film festival attracted thousands of visitors. Citizens welcomed the decision in many regions. Reference ID 2948.	Entertainment
The merger created one of the largest retail companies. Experts shared their opinions on the development. Reference ID 2949.	Business
The foreign minister met leaders to discuss trade relations. The event attracted national media attention. Reference ID 2950.	Politics
The election commission released the voting schedule. Officials expect significant long-term impact. Reference ID 2951.	Politics
A major bank reduced interest rates for home loans. Experts shared their opinions on the development. Reference ID 2952.	Business
The government announced a new tax policy to improve the economy. The event attracted national media attention. Reference ID 2953.	Politics
The annual film festival attracted thousands of visitors. The event attracted national media attention. Reference ID 2954.	Entertainment
The tennis player reached the finals after a tough match. Citizens welcomed the decision in many regions. Reference ID 2955.	Sports
The singer released a new music album worldwide. Citizens welcomed the decision in many regions. Reference ID 2956.	Entertainment
A cybersecurity update fixed major software vulnerabilities. Officials expect significant long-term impact. Reference ID 2957.	Technology
The football team lifted the national championship trophy. Officials expect significant long-term impact. Reference ID 2958.	Sports
India won the cricket match after a thrilling chase. The announcement received mixed public reactions. Reference ID 2959.	Sports
The tennis player reached the finals after a tough match. The announcement received mixed public reactions. Reference ID 2960.	Sports
The director revealed the official movie trailer. The event attracted national media attention. Reference ID 2961.	Entertainment
Investors welcomed the latest financial announcement. Experts shared their opinions on the development. Reference ID 2962.	Business
Parliament passed a new education reform bill after debate. The event attracted national media attention. Reference ID 2963.	Politics
The football team lifted the national championship trophy. Experts shared their opinions on the development. Reference ID 2964.	Sports
The tennis player reached the finals after a tough match. The news quickly spread across social media. Reference ID 2965.	Sports
The chief minister launched a public welfare scheme. The event attracted national media attention. Reference ID 2966.	Politics
A major bank reduced interest rates for home loans. The report highlighted important future plans. Reference ID 2967.	Business
Parliament passed a new education reform bill after debate. Experts shared their opinions on the development. Reference ID 2968.	Politics
Investors welcomed the latest financial announcement. The news quickly spread across social media. Reference ID 2969.	Business
The foreign minister met leaders to discuss trade relations. Officials expect significant long-term impact. Reference ID 2970.	Politics
India won the cricket match after a thrilling chase. Several analysts discussed the latest updates. Reference ID 2971.	Sports
The election commission released the voting schedule. The announcement received mixed public reactions. Reference ID 2972.	Politics
A leading tech company launched a new AI model. The event attracted national media attention. Reference ID 2973.	Technology
A leading tech company launched a new AI model. The report highlighted important future plans. Reference ID 2974.	Technology
The football team lifted the national championship trophy. Officials expect significant long-term impact. Reference ID 2975.	Sports
The startup introduced an innovative smart wearable device. Citizens welcomed the decision in many regions. Reference ID 2976.	Technology
The foreign minister met leaders to discuss trade relations. The event attracted national media attention. Reference ID 2977.	Politics
The athlete won a gold medal in the international event. Experts shared their opinions on the development. Reference ID 2978.	Sports
The stock market closed at a record high today. Officials expect significant long-term impact. Reference ID 2979.	Business
The election commission released the voting schedule. Experts shared their opinions on the development. Reference ID 2980.	Politics
A leading tech company launched a new AI model. The announcement received mixed public reactions. Reference ID 2981.	Technology
The singer released a new music album worldwide. The event attracted national media attention. Reference ID 2982.	Entertainment
The football team lifted the national championship trophy. The news quickly spread across social media. Reference ID 2983.	Sports
A major bank reduced interest rates for home loans. The report highlighted important future plans. Reference ID 2984.	Business
Parliament passed a new education reform bill after debate. The report highlighted important future plans. Reference ID 2985.	Politics
Parliament passed a new education reform bill after debate. The event attracted national media attention. Reference ID 2986.	Politics
Parliament passed a new education reform bill after debate. The event attracted national media attention. Reference ID 2987.	Politics
The foreign minister met leaders to discuss trade relations. Several analysts discussed the latest updates. Reference ID 2988.	Politics
A cybersecurity update fixed major software vulnerabilities. The news quickly spread across social media. Reference ID 2989.	Technology
A cybersecurity update fixed major software vulnerabilities. The news quickly spread across social media. Reference ID 2990.	Technology
The chief minister launched a public welfare scheme. The event attracted national media attention. Reference ID 2991.	Politics
The stock market closed at a record high today. Officials expect significant long-term impact. Reference ID 2992.	Business
The government announced a new tax policy to improve the economy. Experts shared their opinions on the development. Reference ID 2993.	Politics
The singer released a new music album worldwide. Several analysts discussed the latest updates. Reference ID 2994.	Entertainment
The chief minister launched a public welfare scheme. The report highlighted important future plans. Reference ID 2995.	Politics
Researchers developed an advanced machine learning system. The announcement received mixed public reactions. Reference ID 2996.	Technology
Investors welcomed the latest financial announcement. The report highlighted important future plans. Reference ID 2997.	Business
A leading tech company launched a new AI model. The report highlighted important future plans. Reference ID 2998.	Technology
The football team lifted the national championship trophy. The announcement received mixed public reactions. Reference ID 2999.	Sports
The merger created one of the largest retail companies. Officials expect significant long-term impact. Reference ID 3000.	Business
Parliament passed a new education reform bill after debate. Experts shared their opinions on the development. Reference ID 3001.	Politics
The government announced a new tax policy to improve the economy. Citizens welcomed the decision in many regions. Reference ID 3002.	Politics
India won the cricket match after a thrilling chase. The news quickly spread across social media. Reference ID 3003.	Sports
The film received excellent reviews from critics. Citizens welcomed the decision in many regions. Reference ID 3004.	Entertainment
The tennis player reached the finals after a tough match. The event attracted national media attention. Reference ID 3005.	Sports
Researchers developed an advanced machine learning system. The report highlighted important future plans. Reference ID 3006.	Technology
The company reported strong quarterly profits. Experts shared their opinions on the development. Reference ID 3007.	Business
India won the cricket match after a thrilling chase. The event attracted national media attention. Reference ID 3008.	Sports
The football team lifted the national championship trophy. Several analysts discussed the latest updates. Reference ID 3009.	Sports
The government announced a new tax policy to improve the economy. The event attracted national media attention. Reference ID 3010.	Politics
Parliament passed a new education reform bill after debate. Experts shared their opinions on the development. Reference ID 3011.	Politics
India won the cricket match after a thrilling chase. Citizens welcomed the decision in many regions. Reference ID 3012.	Sports
The election commission released the voting schedule. Citizens welcomed the decision in many regions. Reference ID 3013.	Politics
The annual film festival attracted thousands of visitors. The report highlighted important future plans. Reference ID 3014.	Entertainment
The annual film festival attracted thousands of visitors. The news quickly spread across social media. Reference ID 3015.	Entertainment
Cloud computing adoption increased among businesses. The news quickly spread across social media. Reference ID 3016.	Technology
A major bank reduced interest rates for home loans. Officials expect significant long-term impact. Reference ID 3017.	Business
A cybersecurity update fixed major software vulnerabilities. The news quickly spread across social media. Reference ID 3018.	Technology
The film received excellent reviews from critics. Officials expect significant long-term impact. Reference ID 3019.	Entertainment
The actor announced an upcoming action movie. The event attracted national media attention. Reference ID 3020.	Entertainment
Investors welcomed the latest financial announcement. Officials expect significant long-term impact. Reference ID 3021.	Business
The foreign minister met leaders to discuss trade relations. Several analysts discussed the latest updates. Reference ID 3022.	Politics
A leading tech company launched a new AI model. The report highlighted important future plans. Reference ID 3023.	Technology
Cloud computing adoption increased among businesses. The report highlighted important future plans. Reference ID 3024.	Technology
The athlete won a gold medal in the international event. The event attracted national media attention. Reference ID 3025.	Sports
The film received excellent reviews from critics. Several analysts discussed the latest updates. Reference ID 3026.	Entertainment
The stock market closed at a record high today. Several analysts discussed the latest updates. Reference ID 3027.	Business
A major bank reduced interest rates for home loans. The news quickly spread across social media. Reference ID 3028.	Business
A major bank reduced interest rates for home loans. Several analysts discussed the latest updates. Reference ID 3029.	Business
A major bank reduced interest rates for home loans. The announcement received mixed public reactions. Reference ID 3030.	Business
Researchers developed an advanced machine learning system. The news quickly spread across social media. Reference ID 3031.	Technology
A major bank reduced interest rates for home loans. Citizens welcomed the decision in many regions. Reference ID 3032.	Business
The election commission released the voting schedule. Experts shared their opinions on the development. Reference ID 3033.	Politics
A cybersecurity update fixed major software vulnerabilities. The event attracted national media attention. Reference ID 3034.	Technology
The chief minister launched a public welfare scheme. Several analysts discussed the latest updates. Reference ID 3035.	Politics
The tennis player reached the finals after a tough match. Citizens welcomed the decision in many regions. Reference ID 3036.	Sports
The stock market closed at a record high today. Officials expect significant long-term impact. Reference ID 3037.	Business
The stock market closed at a record high today. Citizens welcomed the decision in many regions. Reference ID 3038.	Business
The tennis player reached the finals after a tough match. The report highlighted important future plans. Reference ID 3039.	Sports
Parliament passed a new education reform bill after debate. Citizens welcomed the decision in many regions. Reference ID 3040.	Politics
The merger created one of the largest retail companies. Several analysts discussed the latest updates. Reference ID 3041.	Business
The company reported strong quarterly profits. Citizens welcomed the decision in many regions. Reference ID 3042.	Business
The football team lifted the national championship trophy. Officials expect significant long-term impact. Reference ID 3043.	Sports
A cybersecurity update fixed major software vulnerabilities. Experts shared their opinions on the development. Reference ID 3044.	Technology
The tennis player reached the finals after a tough match. Experts shared their opinions on the development. Reference ID 3045.	Sports
India won the cricket match after a thrilling chase. The event attracted national media attention. Reference ID 3046.	Sports
The company reported strong quarterly profits. Officials expect significant long-term impact. Reference ID 3047.	Business
Cloud computing adoption increased among businesses. The announcement received mixed public reactions. Reference ID 3048.	Technology
The election commission released the voting schedule. The report highlighted important future plans. Reference ID 3049.	Politics
The director revealed the official movie trailer. Several analysts discussed the latest updates. Reference ID 3050.	Entertainment
The chief minister launched a public welfare scheme. The event attracted national media attention. Reference ID 3051.	Politics
The coach announced the squad for the upcoming tournament. Experts shared their opinions on the development. Reference ID 3052.	Sports
A leading tech company launched a new AI model. Citizens welcomed the decision in many regions. Reference ID 3053.	Technology
Researchers developed an advanced machine learning system. Experts shared their opinions on the development. Reference ID 3054.	Technology
The singer released a new music album worldwide. The news quickly spread across social media. Reference ID 3055.	Entertainment
The foreign minister met leaders to discuss trade relations. The news quickly spread across social media. Reference ID 3056.	Politics
A leading tech company launched a new AI model. The news quickly spread across social media. Reference ID 3057.	Technology
The football team lifted the national championship trophy. The report highlighted important future plans. Reference ID 3058.	Sports
The annual film festival attracted thousands of visitors. Citizens welcomed the decision in many regions. Reference ID 3059.	Entertainment
The government announced a new tax policy to improve the economy. Citizens welcomed the decision in many regions. Reference ID 3060.	Politics
The annual film festival attracted thousands of visitors. The announcement received mixed public reactions. Reference ID 3061.	Entertainment
The director revealed the official movie trailer. The announcement received mixed public reactions. Reference ID 3062.	Entertainment
The football team lifted the national championship trophy. The report highlighted important future plans. Reference ID 3063.	Sports
The startup introduced an innovative smart wearable device. Citizens welcomed the decision in many regions. Reference ID 3064.	Technology
Parliament passed a new education reform bill after debate. The announcement received mixed public reactions. Reference ID 3065.	Politics
The startup introduced an innovative smart wearable device. The news quickly spread across social media. Reference ID 3066.	Technology
The company reported strong quarterly profits. Citizens welcomed the decision in many regions. Reference ID 3067.	Business
The singer released a new music album worldwide. The event attracted national media attention. Reference ID 3068.	Entertainment
The foreign minister met leaders to discuss trade relations. Several analysts discussed the latest updates. Reference ID 3069.	Politics
The startup introduced an innovative smart wearable device. The report highlighted important future plans. Reference ID 3070.	Technology
The stock market closed at a record high today. Experts shared their opinions on the development. Reference ID 3071.	Business
The merger created one of the largest retail companies. The news quickly spread across social media. Reference ID 3072.	Business
The annual film festival attracted thousands of visitors. Officials expect significant long-term impact. Reference ID 3073.	Entertainment
The director revealed the official movie trailer. The event attracted national media attention. Reference ID 3074.	Entertainment
India won the cricket match after a thrilling chase. Several analysts discussed the latest updates. Reference ID 3075.	Sports
The stock market closed at a record high today. Several analysts discussed the latest updates. Reference ID 3076.	Business
The company reported strong quarterly profits. Experts shared their opinions on the development. Reference ID 3077.	Business
The government announced a new tax policy to improve the economy. The announcement received mixed public reactions. Reference ID 3078.	Politics
The tennis player reached the finals after a tough match. Experts shared their opinions on the development. Reference ID 3079.	Sports
The merger created one of the largest retail companies. The report highlighted important future plans. Reference ID 3080.	Business
A cybersecurity update fixed major software vulnerabilities. Citizens welcomed the decision in many regions. Reference ID 3081.	Technology
India won the cricket match after a thrilling chase. The report highlighted important future plans. Reference ID 3082.	Sports
The election commission released the voting schedule. Several analysts discussed the latest updates. Reference ID 3083.	Politics
The singer released a new music album worldwide. The news quickly spread across social media. Reference ID 3084.	Entertainment
A major bank reduced interest rates for home loans. Citizens welcomed the decision in many regions. Reference ID 3085.	Business
The annual film festival attracted thousands of visitors. Several analysts discussed the latest updates. Reference ID 3086.	Entertainment
A leading tech company launched a new AI model. Citizens welcomed the decision in many regions. Reference ID 3087.	Technology
The election commission released the voting schedule. Citizens welcomed the decision in many regions. Reference ID 3088.	Politics
The tennis player reached the finals after a tough match. The announcement received mixed public reactions. Reference ID 3089.	Sports
Researchers developed an advanced machine learning system. The event attracted national media attention. Reference ID 3090.	Technology
The election commission released the voting schedule. The news quickly spread across social media. Reference ID 3091.	Politics
The stock market closed at a record high today. Officials expect significant long-term impact. Reference ID 3092.	Business
The athlete won a gold medal in the international event. The report highlighted important future plans. Reference ID 3093.	Sports
The startup introduced an innovative smart wearable device. Several analysts discussed the latest updates. Reference ID 3094.	Technology
The football team lifted the national championship trophy. The report highlighted important future plans. Reference ID 3095.	Sports
The tennis player reached the finals after a tough match. Experts shared their opinions on the development. Reference ID 3096.	Sports
The chief minister launched a public welfare scheme. The news quickly spread across social media. Reference ID 3097.	Politics
The startup introduced an innovative smart wearable device. Experts shared their opinions on the development. Reference ID 3098.	Technology
Investors welcomed the latest financial announcement. The report highlighted important future plans. Reference ID 3099.	Business
The athlete won a gold medal in the international event. Officials expect significant long-term impact. Reference ID 3100.	Sports
Parliament passed a new education reform bill after debate. Officials expect significant long-term impact. Reference ID 3101.	Politics
Cloud computing adoption increased among businesses. Officials expect significant long-term impact. Reference ID 3102.	Technology
The singer released a new music album worldwide. Citizens welcomed the decision in many regions. Reference ID 3103.	Entertainment
Cloud computing adoption increased among businesses. Officials expect significant long-term impact. Reference ID 3104.	Technology
Investors welcomed the latest financial announcement. The announcement received mixed public reactions. Reference ID 3105.	Business
The tennis player reached the finals after a tough match. Several analysts discussed the latest updates. Reference ID 3106.	Sports
Researchers developed an advanced machine learning system. The news quickly spread across social media. Reference ID 3107.	Technology
A major bank reduced interest rates for home loans. Officials expect significant long-term impact. Reference ID 3108.	Business
The startup introduced an innovative smart wearable device. The report highlighted important future plans. Reference ID 3109.	Technology
The singer released a new music album worldwide. Experts shared their opinions on the development. Reference ID 3110.	Entertainment
The government announced a new tax policy to improve the economy. Experts shared their opinions on the development. Reference ID 3111.	Politics
The annual film festival attracted thousands of visitors. Officials expect significant long-term impact. Reference ID 3112.	Entertainment
A leading tech company launched a new AI model. Officials expect significant long-term impact. Reference ID 3113.	Technology
The actor announced an upcoming action movie. Experts shared their opinions on the development. Reference ID 3114.	Entertainment
The singer released a new music album worldwide. The report highlighted important future plans. Reference ID 3115.	Entertainment
The chief minister launched a public welfare scheme. The news quickly spread across social media. Reference ID 3116.	Politics
The football team lifted the national championship trophy. Citizens welcomed the decision in many regions. Reference ID 3117.	Sports
Cloud computing adoption increased among businesses. Experts shared their opinions on the development. Reference ID 3118.	Technology
The tennis player reached the finals after a tough match. Citizens welcomed the decision in many regions. Reference ID 3119.	Sports
The government announced a new tax policy to improve the economy. Experts shared their opinions on the development. Reference ID 3120.	Politics
The actor announced an upcoming action movie. Experts shared their opinions on the development. Reference ID 3121.	Entertainment
The tennis player reached the finals after a tough match. Several analysts discussed the latest updates. Reference ID 3122.	Sports
A leading tech company launched a new AI model. The news quickly spread across social media. Reference ID 3123.	Technology
Investors welcomed the latest financial announcement. Several analysts discussed the latest updates. Reference ID 3124.	Business
The actor announced an upcoming action movie. Experts shared their opinions on the development. Reference ID 3125.	Entertainment
Researchers developed an advanced machine learning system. Several analysts discussed the latest updates. Reference ID 3126.	Technology
The foreign minister met leaders to discuss trade relations. The report highlighted important future plans. Reference ID 3127.	Politics
The annual film festival attracted thousands of visitors. Officials expect significant long-term impact. Reference ID 3128.	Entertainment
Investors welcomed the latest financial announcement. The report highlighted important future plans. Reference ID 3129.	Business
The merger created one of the largest retail companies. The news quickly spread across social media. Reference ID 3130.	Business
The tennis player reached the finals after a tough match. Several analysts discussed the latest updates. Reference ID 3131.	Sports
The singer released a new music album worldwide. Officials expect significant long-term impact. Reference ID 3132.	Entertainment
The startup introduced an innovative smart wearable device. Experts shared their opinions on the development. Reference ID 3133.	Technology
India won the cricket match after a thrilling chase. The news quickly spread across social media. Reference ID 3134.	Sports
A major bank reduced interest rates for home loans. The report highlighted important future plans. Reference ID 3135.	Business
The film received excellent reviews from critics. The report highlighted important future plans. Reference ID 3136.	Entertainment
The foreign minister met leaders to discuss trade relations. Citizens welcomed the decision in many regions. Reference ID 3137.	Politics
The company reported strong quarterly profits. Officials expect significant long-term impact. Reference ID 3138.	Business
The startup introduced an innovative smart wearable device. The event attracted national media attention. Reference ID 3139.	Technology
The athlete won a gold medal in the international event. Officials expect significant long-term impact. Reference ID 3140.	Sports
The company reported strong quarterly profits. The report highlighted important future plans. Reference ID 3141.	Business
The singer released a new music album worldwide. The news quickly spread across social media. Reference ID 3142.	Entertainment
The tennis player reached the finals after a tough match. The announcement received mixed public reactions. Reference ID 3143.	Sports
A cybersecurity update fixed major software vulnerabilities. Citizens welcomed the decision in many regions. Reference ID 3144.	Technology
The chief minister launched a public welfare scheme. Several analysts discussed the latest updates. Reference ID 3145.	Politics
Investors welcomed the latest financial announcement. The news quickly spread across social media. Reference ID 3146.	Business
The startup introduced an innovative smart wearable device. Experts shared their opinions on the development. Reference ID 3147.	Technology
A cybersecurity update fixed major software vulnerabilities. Officials expect significant long-term impact. Reference ID 3148.	Technology
The annual film festival attracted thousands of visitors. Officials expect significant long-term impact. Reference ID 3149.	Entertainment
The tennis player reached the finals after a tough match. The announcement received mixed public reactions. Reference ID 3150.	Sports
The merger created one of the largest retail companies. The event attracted national media attention. Reference ID 3151.	Business
The company reported strong quarterly profits. The announcement received mixed public reactions. Reference ID 3152.	Business
The coach announced the squad for the upcoming tournament. Officials expect significant long-term impact. Reference ID 3153.	Sports
The singer released a new music album worldwide. Citizens welcomed the decision in many regions. Reference ID 3154.	Entertainment
The coach announced the squad for the upcoming tournament. The event attracted national media attention. Reference ID 3155.	Sports
Researchers developed an advanced machine learning system. The announcement received mixed public reactions. Reference ID 3156.	Technology
The athlete won a gold medal in the international event. The news quickly spread across social media. Reference ID 3157.	Sports
The coach announced the squad for the upcoming tournament. The news quickly spread across social media. Reference ID 3158.	Sports
Investors welcomed the latest financial announcement. The report highlighted important future plans. Reference ID 3159.	Business
The government announced a new tax policy to improve the economy. The news quickly spread across social media. Reference ID 3160.	Politics
The stock market closed at a record high today. The announcement received mixed public reactions. Reference ID 3161.	Business
The director revealed the official movie trailer. The news quickly spread across social media. Reference ID 3162.	Entertainment
Cloud computing adoption increased among businesses. The news quickly spread across social media. Reference ID 3163.	Technology
The singer released a new music album worldwide. Citizens welcomed the decision in many regions. Reference ID 3164.	Entertainment
A leading tech company launched a new AI model. The report highlighted important future plans. Reference ID 3165.	Technology
Parliament passed a new education reform bill after debate. Several analysts discussed the latest updates. Reference ID 3166.	Politics
The tennis player reached the finals after a tough match. The announcement received mixed public reactions. Reference ID 3167.	Sports
The foreign minister met leaders to discuss trade relations. Experts shared their opinions on the development. Reference ID 3168.	Politics
The football team lifted the national championship trophy. The news quickly spread across social media. Reference ID 3169.	Sports
The election commission released the voting schedule. Several analysts discussed the latest updates. Reference ID 3170.	Politics
The election commission released the voting schedule. The report highlighted important future plans. Reference ID 3171.	Politics
The tennis player reached the finals after a tough match. Experts shared their opinions on the development. Reference ID 3172.	Sports
The startup introduced an innovative smart wearable device. The news quickly spread across social media. Reference ID 3173.	Technology
Researchers developed an advanced machine learning system. The event attracted national media attention. Reference ID 3174.	Technology
Parliament passed a new education reform bill after debate. Experts shared their opinions on the development. Reference ID 3175.	Politics
The election commission released the voting schedule. The announcement received mixed public reactions. Reference ID 3176.	Politics
The merger created one of the largest retail companies. Experts shared their opinions on the development. Reference ID 3177.	Business
The football team lifted the national championship trophy. Citizens welcomed the decision in many regions. Reference ID 3178.	Sports
The election commission released the voting schedule. The event attracted national media attention. Reference ID 3179.	Politics
Investors welcomed the latest financial announcement. The event attracted national media attention. Reference ID 3180.	Business
The tennis player reached the finals after a tough match. The event attracted national media attention. Reference ID 3181.	Sports
The foreign minister met leaders to discuss trade relations. The report highlighted important future plans. Reference ID 3182.	Politics
Investors welcomed the latest financial announcement. The report highlighted important future plans. Reference ID 3183.	Business
Researchers developed an advanced machine learning system. The event attracted national media attention. Reference ID 3184.	Technology
The company reported strong quarterly profits. Experts shared their opinions on the development. Reference ID 3185.	Business
The singer released a new music album worldwide. The report highlighted important future plans. Reference ID 3186.	Entertainment
The singer released a new music album worldwide. The announcement received mixed public reactions. Reference ID 3187.	Entertainment
The election commission released the voting schedule. The event attracted national media attention. Reference ID 3188.	Politics
The government announced a new tax policy to improve the economy. Several analysts discussed the latest updates. Reference ID 3189.	Politics
The company reported strong quarterly profits. The news quickly spread across social media. Reference ID 3190.	Business
The company reported strong quarterly profits. Several analysts discussed the latest updates. Reference ID 3191.	Business
The company reported strong quarterly profits. Officials expect significant long-term impact. Reference ID 3192.	Business
The stock market closed at a record high today. Several analysts discussed the latest updates. Reference ID 3193.	Business
The chief minister launched a public welfare scheme. The report highlighted important future plans. Reference ID 3194.	Politics
Cloud computing adoption increased among businesses. The news quickly spread across social media. Reference ID 3195.	Technology
A leading tech company launched a new AI model. Officials expect significant long-term impact. Reference ID 3196.	Technology
The government announced a new tax policy to improve the economy. Several analysts discussed the latest updates. Reference ID 3197.	Politics
The election commission released the voting schedule. Several analysts discussed the latest updates. Reference ID 3198.	Politics
The singer released a new music album worldwide. The announcement received mixed public reactions. Reference ID 3199.	Entertainment
The government announced a new tax policy to improve the economy. Several analysts discussed the latest updates. Reference ID 3200.	Politics
The election commission released the voting schedule. Officials expect significant long-term impact. Reference ID 3201.	Politics
The director revealed the official movie trailer. The event attracted national media attention. Reference ID 3202.	Entertainment
The government announced a new tax policy to improve the economy. The report highlighted important future plans. Reference ID 3203.	Politics
The startup introduced an innovative smart wearable device. The report highlighted important future plans. Reference ID 3204.	Technology
The stock market closed at a record high today. The event attracted national media attention. Reference ID 3205.	Business
The coach announced the squad for the upcoming tournament. The news quickly spread across social media. Reference ID 3206.	Sports
The startup introduced an innovative smart wearable device. The event attracted national media attention. Reference ID 3207.	Technology
Investors welcomed the latest financial announcement. Several analysts discussed the latest updates. Reference ID 3208.	Business
The foreign minister met leaders to discuss trade relations. Experts shared their opinions on the development. Reference ID 3209.	Politics
A major bank reduced interest rates for home loans. The news quickly spread across social media. Reference ID 3210.	Business
The coach announced the squad for the upcoming tournament. The event attracted national media attention. Reference ID 3211.	Sports
The film received excellent reviews from critics. Citizens welcomed the decision in many regions. Reference ID 3212.	Entertainment
The athlete won a gold medal in the international event. Officials expect significant long-term impact. Reference ID 3213.	Sports
The company reported strong quarterly profits. Several analysts discussed the latest updates. Reference ID 3214.	Business
India won the cricket match after a thrilling chase. Experts shared their opinions on the development. Reference ID 3215.	Sports
The stock market closed at a record high today. Experts shared their opinions on the development. Reference ID 3216.	Business
The director revealed the official movie trailer. Several analysts discussed the latest updates. Reference ID 3217.	Entertainment
The director revealed the official movie trailer. The announcement received mixed public reactions. Reference ID 3218.	Entertainment
The government announced a new tax policy to improve the economy. The event attracted national media attention. Reference ID 3219.	Politics
Cloud computing adoption increased among businesses. Experts shared their opinions on the development. Reference ID 3220.	Technology
A major bank reduced interest rates for home loans. Officials expect significant long-term impact. Reference ID 3221.	Business
The stock market closed at a record high today. Experts shared their opinions on the development. Reference ID 3222.	Business
Parliament passed a new education reform bill after debate. The news quickly spread across social media. Reference ID 3223.	Politics
The government announced a new tax policy to improve the economy. The news quickly spread across social media. Reference ID 3224.	Politics
The annual film festival attracted thousands of visitors. The announcement received mixed public reactions. Reference ID 3225.	Entertainment
The tennis player reached the finals after a tough match. The event attracted national media attention. Reference ID 3226.	Sports
A major bank reduced interest rates for home loans. The news quickly spread across social media. Reference ID 3227.	Business
A leading tech company launched a new AI model. The announcement received mixed public reactions. Reference ID 3228.	Technology
The director revealed the official movie trailer. Several analysts discussed the latest updates. Reference ID 3229.	Entertainment
The actor announced an upcoming action movie. The announcement received mixed public reactions. Reference ID 3230.	Entertainment
The chief minister launched a public welfare scheme. The announcement received mixed public reactions. Reference ID 3231.	Politics
The singer released a new music album worldwide. Several analysts discussed the latest updates. Reference ID 3232.	Entertainment
A major bank reduced interest rates for home loans. Officials expect significant long-term impact. Reference ID 3233.	Business
The director revealed the official movie trailer. Experts shared their opinions on the development. Reference ID 3234.	Entertainment
The startup introduced an innovative smart wearable device. Citizens welcomed the decision in many regions. Reference ID 3235.	Technology
Cloud computing adoption increased among businesses. Several analysts discussed the latest updates. Reference ID 3236.	Technology
The actor announced an upcoming action movie. The announcement received mixed public reactions. Reference ID 3237.	Entertainment
The director revealed the official movie trailer. Citizens welcomed the decision in many regions. Reference ID 3238.	Entertainment
The tennis player reached the finals after a tough match. The announcement received mixed public reactions. Reference ID 3239.	Sports
Cloud computing adoption increased among businesses. Several analysts discussed the latest updates. Reference ID 3240.	Technology
A cybersecurity update fixed major software vulnerabilities. The news quickly spread across social media. Reference ID 3241.	Technology
Investors welcomed the latest financial announcement. Several analysts discussed the latest updates. Reference ID 3242.	Business
The annual film festival attracted thousands of visitors. The news quickly spread across social media. Reference ID 3243.	Entertainment
The merger created one of the largest retail companies. Several analysts discussed the latest updates. Reference ID 3244.	Business
The singer released a new music album worldwide. Officials expect significant long-term impact. Reference ID 3245.	Entertainment
The singer released a new music album worldwide. Experts shared their opinions on the development. Reference ID 3246.	Entertainment
The election commission released the voting schedule. Officials expect significant long-term impact. Reference ID 3247.	Politics
A cybersecurity update fixed major software vulnerabilities. The news quickly spread across social media. Reference ID 3248.	Technology
The merger created one of the largest retail companies. Officials expect significant long-term impact. Reference ID 3249.	Business
The election commission released the voting schedule. The announcement received mixed public reactions. Reference ID 3250.	Politics
The coach announced the squad for the upcoming tournament. The event attracted national media attention. Reference ID 3251.	Sports
Parliament passed a new education reform bill after debate. The event attracted national media attention. Reference ID 3252.	Politics
The merger created one of the largest retail companies. The news quickly spread across social media. Reference ID 3253.	Business
Cloud computing adoption increased among businesses. Several analysts discussed the latest updates. Reference ID 3254.	Technology
Investors welcomed the latest financial announcement. The event attracted national media attention. Reference ID 3255.	Business
The director revealed the official movie trailer. The news quickly spread across social media. Reference ID 3256.	Entertainment
The company reported strong quarterly profits. Citizens welcomed the decision in many regions. Reference ID 3257.	Business
The director revealed the official movie trailer. Experts shared their opinions on the development. Reference ID 3258.	Entertainment
Parliament passed a new education reform bill after debate. The announcement received mixed public reactions. Reference ID 3259.	Politics
The singer released a new music album worldwide. Citizens welcomed the decision in many regions. Reference ID 3260.	Entertainment
The startup introduced an innovative smart wearable device. The report highlighted important future plans. Reference ID 3261.	Technology
A cybersecurity update fixed major software vulnerabilities. Citizens welcomed the decision in many regions. Reference ID 3262.	Technology
The athlete won a gold medal in the international event. Officials expect significant long-term impact. Reference ID 3263.	Sports
India won the cricket match after a thrilling chase. Officials expect significant long-term impact. Reference ID 3264.	Sports
The annual film festival attracted thousands of visitors. The news quickly spread across social media. Reference ID 3265.	Entertainment
A major bank reduced interest rates for home loans. The announcement received mixed public reactions. Reference ID 3266.	Business
The singer released a new music album worldwide. Officials expect significant long-term impact. Reference ID 3267.	Entertainment
The singer released a new music album worldwide. Citizens welcomed the decision in many regions. Reference ID 3268.	Entertainment
A cybersecurity update fixed major software vulnerabilities. The announcement received mixed public reactions. Reference ID 3269.	Technology
Researchers developed an advanced machine learning system. The event attracted national media attention. Reference ID 3270.	Technology
The chief minister launched a public welfare scheme. The news quickly spread across social media. Reference ID 3271.	Politics
The merger created one of the largest retail companies. Experts shared their opinions on the development. Reference ID 3272.	Business
The merger created one of the largest retail companies. Experts shared their opinions on the development. Reference ID 3273.	Business
Parliament passed a new education reform bill after debate. The event attracted national media attention. Reference ID 3274.	Politics
Researchers developed an advanced machine learning system. Experts shared their opinions on the development. Reference ID 3275.	Technology
The actor announced an upcoming action movie. The report highlighted important future plans. Reference ID 3276.	Entertainment
Investors welcomed the latest financial announcement. The announcement received mixed public reactions. Reference ID 3277.	Business
The coach announced the squad for the upcoming tournament. Several analysts discussed the latest updates. Reference ID 3278.	Sports
India won the cricket match after a thrilling chase. Citizens welcomed the decision in many regions. Reference ID 3279.	Sports
The actor announced an upcoming action movie. The announcement received mixed public reactions. Reference ID 3280.	Entertainment
The actor announced an upcoming action movie. The report highlighted important future plans. Reference ID 3281.	Entertainment
The singer released a new music album worldwide. The event attracted national media attention. Reference ID 3282.	Entertainment
The athlete won a gold medal in the international event. The report highlighted important future plans. Reference ID 3283.	Sports
A cybersecurity update fixed major software vulnerabilities. The event attracted national media attention. Reference ID 3284.	Technology
The football team lifted the national championship trophy. The announcement received mixed public reactions. Reference ID 3285.	Sports
The film received excellent reviews from critics. The event attracted national media attention. Reference ID 3286.	Entertainment
The tennis player reached the finals after a tough match. Citizens welcomed the decision in many regions. Reference ID 3287.	Sports
The foreign minister met leaders to discuss trade relations. Citizens welcomed the decision in many regions. Reference ID 3288.	Politics
The actor announced an upcoming action movie. Experts shared their opinions on the development. Reference ID 3289.	Entertainment
A cybersecurity update fixed major software vulnerabilities. Several analysts discussed the latest updates. Reference ID 3290.	Technology
The startup introduced an innovative smart wearable device. The report highlighted important future plans. Reference ID 3291.	Technology
The merger created one of the largest retail companies. The report highlighted important future plans. Reference ID 3292.	Business
The film received excellent reviews from critics. The announcement received mixed public reactions. Reference ID 3293.	Entertainment
The singer released a new music album worldwide. The announcement received mixed public reactions. Reference ID 3294.	Entertainment
The football team lifted the national championship trophy. The news quickly spread across social media. Reference ID 3295.	Sports
The football team lifted the national championship trophy. The report highlighted important future plans. Reference ID 3296.	Sports
Researchers developed an advanced machine learning system. Citizens welcomed the decision in many regions. Reference ID 3297.	Technology
The merger created one of the largest retail companies. Experts shared their opinions on the development. Reference ID 3298.	Business
India won the cricket match after a thrilling chase. Officials expect significant long-term impact. Reference ID 3299.	Sports
The stock market closed at a record high today. The announcement received mixed public reactions. Reference ID 3300.	Business
The stock market closed at a record high today. Experts shared their opinions on the development. Reference ID 3301.	Business
The merger created one of the largest retail companies. The announcement received mixed public reactions. Reference ID 3302.	Business
The company reported strong quarterly profits. Officials expect significant long-term impact. Reference ID 3303.	Business
The foreign minister met leaders to discuss trade relations. The event attracted national media attention. Reference ID 3304.	Politics
The tennis player reached the finals after a tough match. Several analysts discussed the latest updates. Reference ID 3305.	Sports
The merger created one of the largest retail companies. The event attracted national media attention. Reference ID 3306.	Business
The foreign minister met leaders to discuss trade relations. Experts shared their opinions on the development. Reference ID 3307.	Politics
A leading tech company launched a new AI model. The event attracted national media attention. Reference ID 3308.	Technology
The football team lifted the national championship trophy. Citizens welcomed the decision in many regions. Reference ID 3309.	Sports
The government announced a new tax policy to improve the economy. The announcement received mixed public reactions. Reference ID 3310.	Politics
The chief minister launched a public welfare scheme. The report highlighted important future plans. Reference ID 3311.	Politics
A major bank reduced interest rates for home loans. The announcement received mixed public reactions. Reference ID 3312.	Business
The director revealed the official movie trailer. Citizens welcomed the decision in many regions. Reference ID 3313.	Entertainment
The chief minister launched a public welfare scheme. Several analysts discussed the latest updates. Reference ID 3314.	Politics
Investors welcomed the latest financial announcement. The announcement received mixed public reactions. Reference ID 3315.	Business
Investors welcomed the latest financial announcement. The event attracted national media attention. Reference ID 3316.	Business
The chief minister launched a public welfare scheme. The announcement received mixed public reactions. Reference ID 3317.	Politics
The stock market closed at a record high today. The report highlighted important future plans. Reference ID 3318.	Business
Investors welcomed the latest financial announcement. Experts shared their opinions on the development. Reference ID 3319.	Business
The foreign minister met leaders to discuss trade relations. The report highlighted important future plans. Reference ID 3320.	Politics
A leading tech company launched a new AI model. The event attracted national media attention. Reference ID 3321.	Technology
The film received excellent reviews from critics. Experts shared their opinions on the development. Reference ID 3322.	Entertainment
The company reported strong quarterly profits. Citizens welcomed the decision in many regions. Reference ID 3323.	Business
The director revealed the official movie trailer. The event attracted national media attention. Reference ID 3324.	Entertainment
The election commission released the voting schedule. Experts shared their opinions on the development. Reference ID 3325.	Politics
A cybersecurity update fixed major software vulnerabilities. The news quickly spread across social media. Reference ID 3326.	Technology
The director revealed the official movie trailer. Experts shared their opinions on the development. Reference ID 3327.	Entertainment
The merger created one of the largest retail companies. Officials expect significant long-term impact. Reference ID 3328.	Business
The director revealed the official movie trailer. Several analysts discussed the latest updates. Reference ID 3329.	Entertainment
The actor announced an upcoming action movie. Several analysts discussed the latest updates. Reference ID 3330.	Entertainment
Parliament passed a new education reform bill after debate. Citizens welcomed the decision in many regions. Reference ID 3331.	Politics
Parliament passed a new education reform bill after debate. Experts shared their opinions on the development. Reference ID 3332.	Politics
The tennis player reached the finals after a tough match. The news quickly spread across social media. Reference ID 3333.	Sports
The company reported strong quarterly profits. Citizens welcomed the decision in many regions. Reference ID 3334.	Business
The annual film festival attracted thousands of visitors. Officials expect significant long-term impact. Reference ID 3335.	Entertainment
Parliament passed a new education reform bill after debate. The report highlighted important future plans. Reference ID 3336.	Politics
The director revealed the official movie trailer. Citizens welcomed the decision in many regions. Reference ID 3337.	Entertainment
The coach announced the squad for the upcoming tournament. Officials expect significant long-term impact. Reference ID 3338.	Sports
The film received excellent reviews from critics. Citizens welcomed the decision in many regions. Reference ID 3339.	Entertainment
The foreign minister met leaders to discuss trade relations. Several analysts discussed the latest updates. Reference ID 3340.	Politics
The stock market closed at a record high today. The announcement received mixed public reactions. Reference ID 3341.	Business
India won the cricket match after a thrilling chase. The event attracted national media attention. Reference ID 3342.	Sports
The actor announced an upcoming action movie. Citizens welcomed the decision in many regions. Reference ID 3343.	Entertainment
A leading tech company launched a new AI model. Officials expect significant long-term impact. Reference ID 3344.	Technology
The company reported strong quarterly profits. Several analysts discussed the latest updates. Reference ID 3345.	Business
The actor announced an upcoming action movie. The announcement received mixed public reactions. Reference ID 3346.	Entertainment
Investors welcomed the latest financial announcement. Officials expect significant long-term impact. Reference ID 3347.	Business
The stock market closed at a record high today. The news quickly spread across social media. Reference ID 3348.	Business
The tennis player reached the finals after a tough match. The news quickly spread across social media. Reference ID 3349.	Sports
The government announced a new tax policy to improve the economy. Several analysts discussed the latest updates. Reference ID 3350.	Politics
Parliament passed a new education reform bill after debate. The report highlighted important future plans. Reference ID 3351.	Politics
The film received excellent reviews from critics. Officials expect significant long-term impact. Reference ID 3352.	Entertainment
The tennis player reached the finals after a tough match. The event attracted national media attention. Reference ID 3353.	Sports
The athlete won a gold medal in the international event. The report highlighted important future plans. Reference ID 3354.	Sports
A cybersecurity update fixed major software vulnerabilities. Officials expect significant long-term impact. Reference ID 3355.	Technology
The athlete won a gold medal in the international event. Citizens welcomed the decision in many regions. Reference ID 3356.	Sports
The football team lifted the national championship trophy. Experts shared their opinions on the development. Reference ID 3357.	Sports
Parliament passed a new education reform bill after debate. Several analysts discussed the latest updates. Reference ID 3358.	Politics
The election commission released the voting schedule. Citizens welcomed the decision in many regions. Reference ID 3359.	Politics
The election commission released the voting schedule. The report highlighted important future plans. Reference ID 3360.	Politics
The singer released a new music album worldwide. The report highlighted important future plans. Reference ID 3361.	Entertainment
The government announced a new tax policy to improve the economy. Citizens welcomed the decision in many regions. Reference ID 3362.	Politics
The company reported strong quarterly profits. Officials expect significant long-term impact. Reference ID 3363.	Business
India won the cricket match after a thrilling chase. Experts shared their opinions on the development. Reference ID 3364.	Sports
The chief minister launched a public welfare scheme. The announcement received mixed public reactions. Reference ID 3365.	Politics
The football team lifted the national championship trophy. The report highlighted important future plans. Reference ID 3366.	Sports
The chief minister launched a public welfare scheme. The report highlighted important future plans. Reference ID 3367.	Politics
The government announced a new tax policy to improve the economy. The event attracted national media attention. Reference ID 3368.	Politics
Researchers developed an advanced machine learning system. The news quickly spread across social media. Reference ID 3369.	Technology
The director revealed the official movie trailer. Citizens welcomed the decision in many regions. Reference ID 3370.	Entertainment
Investors welcomed the latest financial announcement. Citizens welcomed the decision in many regions. Reference ID 3371.	Business
The coach announced the squad for the upcoming tournament. The announcement received mixed public reactions. Reference ID 3372.	Sports
The startup introduced an innovative smart wearable device. Several analysts discussed the latest updates. Reference ID 3373.	Technology
A leading tech company launched a new AI model. The news quickly spread across social media. Reference ID 3374.	Technology
A major bank reduced interest rates for home loans. The report highlighted important future plans. Reference ID 3375.	Business
Researchers developed an advanced machine learning system. The report highlighted important future plans. Reference ID 3376.	Technology
The startup introduced an innovative smart wearable device. The announcement received mixed public reactions. Reference ID 3377.	Technology
The chief minister launched a public welfare scheme. The announcement received mixed public reactions. Reference ID 3378.	Politics
The director revealed the official movie trailer. The event attracted national media attention. Reference ID 3379.	Entertainment
The startup introduced an innovative smart wearable device. Several analysts discussed the latest updates. Reference ID 3380.	Technology
The stock market closed at a record high today. The news quickly spread across social media. Reference ID 3381.	Business
The singer released a new music album worldwide. The event attracted national media attention. Reference ID 3382.	Entertainment
India won the cricket match after a thrilling chase. The report highlighted important future plans. Reference ID 3383.	Sports
A major bank reduced interest rates for home loans. The event attracted national media attention. Reference ID 3384.	Business
The foreign minister met leaders to discuss trade relations. The announcement received mixed public reactions. Reference ID 3385.	Politics
The company reported strong quarterly profits. Several analysts discussed the latest updates. Reference ID 3386.	Business
Investors welcomed the latest financial announcement. Officials expect significant long-term impact. Reference ID 3387.	Business
A cybersecurity update fixed major software vulnerabilities. The report highlighted important future plans. Reference ID 3388.	Technology
A major bank reduced interest rates for home loans. The report highlighted important future plans. Reference ID 3389.	Business
The annual film festival attracted thousands of visitors. Officials expect significant long-term impact. Reference ID 3390.	Entertainment
The tennis player reached the finals after a tough match. Experts shared their opinions on the development. Reference ID 3391.	Sports
The stock market closed at a record high today. Several analysts discussed the latest updates. Reference ID 3392.	Business
The director revealed the official movie trailer. Citizens welcomed the decision in many regions. Reference ID 3393.	Entertainment
The coach announced the squad for the upcoming tournament. Experts shared their opinions on the development. Reference ID 3394.	Sports
The merger created one of the largest retail companies. The news quickly spread across social media. Reference ID 3395.	Business
The government announced a new tax policy to improve the economy. The news quickly spread across social media. Reference ID 3396.	Politics
The startup introduced an innovative smart wearable device. The news quickly spread across social media. Reference ID 3397.	Technology
A major bank reduced interest rates for home loans. The report highlighted important future plans. Reference ID 3398.	Business
A major bank reduced interest rates for home loans. The event attracted national media attention. Reference ID 3399.	Business
Parliament passed a new education reform bill after debate. The announcement received mixed public reactions. Reference ID 3400.	Politics
Cloud computing adoption increased among businesses. The announcement received mixed public reactions. Reference ID 3401.	Technology
The director revealed the official movie trailer. The event attracted national media attention. Reference ID 3402.	Entertainment
Cloud computing adoption increased among businesses. The event attracted national media attention. Reference ID 3403.	Technology
The football team lifted the national championship trophy. The event attracted national media attention. Reference ID 3404.	Sports
A cybersecurity update fixed major software vulnerabilities. The event attracted national media attention. Reference ID 3405.	Technology
The startup introduced an innovative smart wearable device. The report highlighted important future plans. Reference ID 3406.	Technology
The chief minister launched a public welfare scheme. The news quickly spread across social media. Reference ID 3407.	Politics
Parliament passed a new education reform bill after debate. Experts shared their opinions on the development. Reference ID 3408.	Politics
A cybersecurity update fixed major software vulnerabilities. The announcement received mixed public reactions. Reference ID 3409.	Technology
The football team lifted the national championship trophy. The report highlighted important future plans. Reference ID 3410.	Sports
The startup introduced an innovative smart wearable device. The event attracted national media attention. Reference ID 3411.	Technology
The actor announced an upcoming action movie. Experts shared their opinions on the development. Reference ID 3412.	Entertainment
Parliament passed a new education reform bill after debate. The news quickly spread across social media. Reference ID 3413.	Politics
The chief minister launched a public welfare scheme. Officials expect significant long-term impact. Reference ID 3414.	Politics
The film received excellent reviews from critics. Citizens welcomed the decision in many regions. Reference ID 3415.	Entertainment
Parliament passed a new education reform bill after debate. Citizens welcomed the decision in many regions. Reference ID 3416.	Politics
The company reported strong quarterly profits. The announcement received mixed public reactions. Reference ID 3417.	Business
The government announced a new tax policy to improve the economy. The report highlighted important future plans. Reference ID 3418.	Politics
A leading tech company launched a new AI model. The event attracted national media attention. Reference ID 3419.	Technology
A cybersecurity update fixed major software vulnerabilities. The report highlighted important future plans. Reference ID 3420.	Technology
The tennis player reached the finals after a tough match. Officials expect significant long-term impact. Reference ID 3421.	Sports
The company reported strong quarterly profits. Officials expect significant long-term impact. Reference ID 3422.	Business
A major bank reduced interest rates for home loans. Officials expect significant long-term impact. Reference ID 3423.	Business
The director revealed the official movie trailer. The announcement received mixed public reactions. Reference ID 3424.	Entertainment
The tennis player reached the finals after a tough match. Citizens welcomed the decision in many regions. Reference ID 3425.	Sports
Cloud computing adoption increased among businesses. The news quickly spread across social media. Reference ID 3426.	Technology
The foreign minister met leaders to discuss trade relations. Citizens welcomed the decision in many regions. Reference ID 3427.	Politics
The company reported strong quarterly profits. Citizens welcomed the decision in many regions. Reference ID 3428.	Business
The government announced a new tax policy to improve the economy. The report highlighted important future plans. Reference ID 3429.	Politics
A major bank reduced interest rates for home loans. Several analysts discussed the latest updates. Reference ID 3430.	Business
The company reported strong quarterly profits. The news quickly spread across social media. Reference ID 3431.	Business
Researchers developed an advanced machine learning system. Citizens welcomed the decision in many regions. Reference ID 3432.	Technology
The director revealed the official movie trailer. Citizens welcomed the decision in many regions. Reference ID 3433.	Entertainment
The stock market closed at a record high today. Experts shared their opinions on the development. Reference ID 3434.	Business
The actor announced an upcoming action movie. The event attracted national media attention. Reference ID 3435.	Entertainment
The startup introduced an innovative smart wearable device. The news quickly spread across social media. Reference ID 3436.	Technology
Investors welcomed the latest financial announcement. The news quickly spread across social media. Reference ID 3437.	Business
The stock market closed at a record high today. The report highlighted important future plans. Reference ID 3438.	Business
The tennis player reached the finals after a tough match. The report highlighted important future plans. Reference ID 3439.	Sports
The election commission released the voting schedule. Several analysts discussed the latest updates. Reference ID 3440.	Politics
The coach announced the squad for the upcoming tournament. The news quickly spread across social media. Reference ID 3441.	Sports
Cloud computing adoption increased among businesses. The report highlighted important future plans. Reference ID 3442.	Technology
The singer released a new music album worldwide. The news quickly spread across social media. Reference ID 3443.	Entertainment
The startup introduced an innovative smart wearable device. Citizens welcomed the decision in many regions. Reference ID 3444.	Technology
The government announced a new tax policy to improve the economy. Several analysts discussed the latest updates. Reference ID 3445.	Politics
Researchers developed an advanced machine learning system. Officials expect significant long-term impact. Reference ID 3446.	Technology
The coach announced the squad for the upcoming tournament. Several analysts discussed the latest updates. Reference ID 3447.	Sports
The election commission released the voting schedule. Officials expect significant long-term impact. Reference ID 3448.	Politics
The election commission released the voting schedule. Several analysts discussed the latest updates. Reference ID 3449.	Politics
The director revealed the official movie trailer. Several analysts discussed the latest updates. Reference ID 3450.	Entertainment
A major bank reduced interest rates for home loans. Citizens welcomed the decision in many regions. Reference ID 3451.	Business
A leading tech company launched a new AI model. The news quickly spread across social media. Reference ID 3452.	Technology
Researchers developed an advanced machine learning system. Citizens welcomed the decision in many regions. Reference ID 3453.	Technology
The coach announced the squad for the upcoming tournament. Several analysts discussed the latest updates. Reference ID 3454.	Sports
A leading tech company launched a new AI model. Several analysts discussed the latest updates. Reference ID 3455.	Technology
A leading tech company launched a new AI model. Several analysts discussed the latest updates. Reference ID 3456.	Technology
The football team lifted the national championship trophy. Citizens welcomed the decision in many regions. Reference ID 3457.	Sports
The election commission released the voting schedule. Citizens welcomed the decision in many regions. Reference ID 3458.	Politics
The foreign minister met leaders to discuss trade relations. Officials expect significant long-term impact. Reference ID 3459.	Politics
A major bank reduced interest rates for home loans. The announcement received mixed public reactions. Reference ID 3460.	Business
The director revealed the official movie trailer. The report highlighted important future plans. Reference ID 3461.	Entertainment
A cybersecurity update fixed major software vulnerabilities. Experts shared their opinions on the development. Reference ID 3462.	Technology
The startup introduced an innovative smart wearable device. Several analysts discussed the latest updates. Reference ID 3463.	Technology
The singer released a new music album worldwide. The report highlighted important future plans. Reference ID 3464.	Entertainment
A major bank reduced interest rates for home loans. Officials expect significant long-term impact. Reference ID 3465.	Business
The tennis player reached the finals after a tough match. The announcement received mixed public reactions. Reference ID 3466.	Sports
The football team lifted the national championship trophy. The news quickly spread across social media. Reference ID 3467.	Sports
Parliament passed a new education reform bill after debate. The news quickly spread across social media. Reference ID 3468.	Politics
The athlete won a gold medal in the international event. The report highlighted important future plans. Reference ID 3469.	Sports
The startup introduced an innovative smart wearable device. Citizens welcomed the decision in many regions. Reference ID 3470.	Technology
Parliament passed a new education reform bill after debate. The news quickly spread across social media. Reference ID 3471.	Politics
Investors welcomed the latest financial announcement. The report highlighted important future plans. Reference ID 3472.	Business
India won the cricket match after a thrilling chase. Citizens welcomed the decision in many regions. Reference ID 3473.	Sports
The government announced a new tax policy to improve the economy. Several analysts discussed the latest updates. Reference ID 3474.	Politics
A leading tech company launched a new AI model. The report highlighted important future plans. Reference ID 3475.	Technology
The athlete won a gold medal in the international event. Officials expect significant long-term impact. Reference ID 3476.	Sports
The foreign minister met leaders to discuss trade relations. Officials expect significant long-term impact. Reference ID 3477.	Politics
The company reported strong quarterly profits. Several analysts discussed the latest updates. Reference ID 3478.	Business
The athlete won a gold medal in the international event. Citizens welcomed the decision in many regions. Reference ID 3479.	Sports
The stock market closed at a record high today. The report highlighted important future plans. Reference ID 3480.	Business
The startup introduced an innovative smart wearable device. The news quickly spread across social media. Reference ID 3481.	Technology
A leading tech company launched a new AI model. The report highlighted important future plans. Reference ID 3482.	Technology
The company reported strong quarterly profits. The news quickly spread across social media. Reference ID 3483.	Business
The annual film festival attracted thousands of visitors. The announcement received mixed public reactions. Reference ID 3484.	Entertainment
The company reported strong quarterly profits. The announcement received mixed public reactions. Reference ID 3485.	Business
Researchers developed an advanced machine learning system. The announcement received mixed public reactions. Reference ID 3486.	Technology
The athlete won a gold medal in the international event. Citizens welcomed the decision in many regions. Reference ID 3487.	Sports
A leading tech company launched a new AI model. The event attracted national media attention. Reference ID 3488.	Technology
The foreign minister met leaders to discuss trade relations. Experts shared their opinions on the development. Reference ID 3489.	Politics
The startup introduced an innovative smart wearable device. The report highlighted important future plans. Reference ID 3490.	Technology
A major bank reduced interest rates for home loans. Citizens welcomed the decision in many regions. Reference ID 3491.	Business
Cloud computing adoption increased among businesses. Experts shared their opinions on the development. Reference ID 3492.	Technology
The coach announced the squad for the upcoming tournament. Officials expect significant long-term impact. Reference ID 3493.	Sports
Parliament passed a new education reform bill after debate. Citizens welcomed the decision in many regions. Reference ID 3494.	Politics
The director revealed the official movie trailer. The news quickly spread across social media. Reference ID 3495.	Entertainment
The government announced a new tax policy to improve the economy. Experts shared their opinions on the development. Reference ID 3496.	Politics
The singer released a new music album worldwide. Experts shared their opinions on the development. Reference ID 3497.	Entertainment
The director revealed the official movie trailer. The report highlighted important future plans. Reference ID 3498.	Entertainment
The film received excellent reviews from critics. Several analysts discussed the latest updates. Reference ID 3499.	Entertainment
The chief minister launched a public welfare scheme. Several analysts discussed the latest updates. Reference ID 3500.	Politics
The actor announced an upcoming action movie. Several analysts discussed the latest updates. Reference ID 3501.	Entertainment
The coach announced the squad for the upcoming tournament. The news quickly spread across social media. Reference ID 3502.	Sports
The football team lifted the national championship trophy. Officials expect significant long-term impact. Reference ID 3503.	Sports
The foreign minister met leaders to discuss trade relations. Several analysts discussed the latest updates. Reference ID 3504.	Politics
The coach announced the squad for the upcoming tournament. The event attracted national media attention. Reference ID 3505.	Sports
A leading tech company launched a new AI model. The event attracted national media attention. Reference ID 3506.	Technology
The stock market closed at a record high today. The announcement received mixed public reactions. Reference ID 3507.	Business
Investors welcomed the latest financial announcement. Experts shared their opinions on the development. Reference ID 3508.	Business
The company reported strong quarterly profits. The report highlighted important future plans. Reference ID 3509.	Business
The company reported strong quarterly profits. Officials expect significant long-term impact. Reference ID 3510.	Business
The director revealed the official movie trailer. Officials expect significant long-term impact. Reference ID 3511.	Entertainment
The director revealed the official movie trailer. Several analysts discussed the latest updates. Reference ID 3512.	Entertainment
A leading tech company launched a new AI model. The news quickly spread across social media. Reference ID 3513.	Technology
The chief minister launched a public welfare scheme. Citizens welcomed the decision in many regions. Reference ID 3514.	Politics
The actor announced an upcoming action movie. Officials expect significant long-term impact. Reference ID 3515.	Entertainment
The singer released a new music album worldwide. Officials expect significant long-term impact. Reference ID 3516.	Entertainment
The government announced a new tax policy to improve the economy. Citizens welcomed the decision in many regions. Reference ID 3517.	Politics
The tennis player reached the finals after a tough match. The news quickly spread across social media. Reference ID 3518.	Sports
The government announced a new tax policy to improve the economy. The event attracted national media attention. Reference ID 3519.	Politics
India won the cricket match after a thrilling chase. The announcement received mixed public reactions. Reference ID 3520.	Sports
The merger created one of the largest retail companies. The news quickly spread across social media. Reference ID 3521.	Business
A major bank reduced interest rates for home loans. The news quickly spread across social media. Reference ID 3522.	Business
The athlete won a gold medal in the international event. The report highlighted important future plans. Reference ID 3523.	Sports
The company reported strong quarterly profits. Experts shared their opinions on the development. Reference ID 3524.	Business
Cloud computing adoption increased among businesses. The news quickly spread across social media. Reference ID 3525.	Technology
A leading tech company launched a new AI model. The news quickly spread across social media. Reference ID 3526.	Technology
The stock market closed at a record high today. The announcement received mixed public reactions. Reference ID 3527.	Business
Cloud computing adoption increased among businesses. Officials expect significant long-term impact. Reference ID 3528.	Technology
The election commission released the voting schedule. Experts shared their opinions on the development. Reference ID 3529.	Politics
Investors welcomed the latest financial announcement. The event attracted national media attention. Reference ID 3530.	Business
The actor announced an upcoming action movie. Officials expect significant long-term impact. Reference ID 3531.	Entertainment
The startup introduced an innovative smart wearable device. The event attracted national media attention. Reference ID 3532.	Technology
The chief minister launched a public welfare scheme. The news quickly spread across social media. Reference ID 3533.	Politics
The annual film festival attracted thousands of visitors. Citizens welcomed the decision in many regions. Reference ID 3534.	Entertainment
The director revealed the official movie trailer. Officials expect significant long-term impact. Reference ID 3535.	Entertainment
A major bank reduced interest rates for home loans. Citizens welcomed the decision in many regions. Reference ID 3536.	Business
Cloud computing adoption increased among businesses. The announcement received mixed public reactions. Reference ID 3537.	Technology
The stock market closed at a record high today. Citizens welcomed the decision in many regions. Reference ID 3538.	Business
The chief minister launched a public welfare scheme. The report highlighted important future plans. Reference ID 3539.	Politics
The company reported strong quarterly profits. The announcement received mixed public reactions. Reference ID 3540.	Business
A leading tech company launched a new AI model. The news quickly spread across social media. Reference ID 3541.	Technology
The actor announced an upcoming action movie. Officials expect significant long-term impact. Reference ID 3542.	Entertainment
The election commission released the voting schedule. The report highlighted important future plans. Reference ID 3543.	Politics
A leading tech company launched a new AI model. The news quickly spread across social media. Reference ID 3544.	Technology
The coach announced the squad for the upcoming tournament. Several analysts discussed the latest updates. Reference ID 3545.	Sports
The merger created one of the largest retail companies. The event attracted national media attention. Reference ID 3546.	Business
Parliament passed a new education reform bill after debate. Officials expect significant long-term impact. Reference ID 3547.	Politics
A leading tech company launched a new AI model. Citizens welcomed the decision in many regions. Reference ID 3548.	Technology
The director revealed the official movie trailer. Officials expect significant long-term impact. Reference ID 3549.	Entertainment
The chief minister launched a public welfare scheme. The news quickly spread across social media. Reference ID 3550.	Politics
The chief minister launched a public welfare scheme. The report highlighted important future plans. Reference ID 3551.	Politics
The singer released a new music album worldwide. The announcement received mixed public reactions. Reference ID 3552.	Entertainment
The actor announced an upcoming action movie. The event attracted national media attention. Reference ID 3553.	Entertainment
The company reported strong quarterly profits. The announcement received mixed public reactions. Reference ID 3554.	Business
The singer released a new music album worldwide. The report highlighted important future plans. Reference ID 3555.	Entertainment
Researchers developed an advanced machine learning system. Citizens welcomed the decision in many regions. Reference ID 3556.	Technology
The chief minister launched a public welfare scheme. Officials expect significant long-term impact. Reference ID 3557.	Politics
The film received excellent reviews from critics. The announcement received mixed public reactions. Reference ID 3558.	Entertainment
Cloud computing adoption increased among businesses. Experts shared their opinions on the development. Reference ID 3559.	Technology
The election commission released the voting schedule. The event attracted national media attention. Reference ID 3560.	Politics
The singer released a new music album worldwide. Citizens welcomed the decision in many regions. Reference ID 3561.	Entertainment
The chief minister launched a public welfare scheme. The announcement received mixed public reactions. Reference ID 3562.	Politics
Cloud computing adoption increased among businesses. The news quickly spread across social media. Reference ID 3563.	Technology
The tennis player reached the finals after a tough match. Officials expect significant long-term impact. Reference ID 3564.	Sports
The film received excellent reviews from critics. Several analysts discussed the latest updates. Reference ID 3565.	Entertainment
The film received excellent reviews from critics. The report highlighted important future plans. Reference ID 3566.	Entertainment
The tennis player reached the finals after a tough match. Several analysts discussed the latest updates. Reference ID 3567.	Sports
The company reported strong quarterly profits. Officials expect significant long-term impact. Reference ID 3568.	Business
The singer released a new music album worldwide. The report highlighted important future plans. Reference ID 3569.	Entertainment
The football team lifted the national championship trophy. Citizens welcomed the decision in many regions. Reference ID 3570.	Sports
The coach announced the squad for the upcoming tournament. Several analysts discussed the latest updates. Reference ID 3571.	Sports
The merger created one of the largest retail companies. The event attracted national media attention. Reference ID 3572.	Business
The tennis player reached the finals after a tough match. Experts shared their opinions on the development. Reference ID 3573.	Sports
A major bank reduced interest rates for home loans. Officials expect significant long-term impact. Reference ID 3574.	Business
The film received excellent reviews from critics. The news quickly spread across social media. Reference ID 3575.	Entertainment
A major bank reduced interest rates for home loans. Officials expect significant long-term impact. Reference ID 3576.	Business
The tennis player reached the finals after a tough match. The report highlighted important future plans. Reference ID 3577.	Sports
The annual film festival attracted thousands of visitors. The news quickly spread across social media. Reference ID 3578.	Entertainment
The football team lifted the national championship trophy. Citizens welcomed the decision in many regions. Reference ID 3579.	Sports
The film received excellent reviews from critics. Experts shared their opinions on the development. Reference ID 3580.	Entertainment
The company reported strong quarterly profits. The announcement received mixed public reactions. Reference ID 3581.	Business
A leading tech company launched a new AI model. The news quickly spread across social media. Reference ID 3582.	Technology
The election commission released the voting schedule. The report highlighted important future plans. Reference ID 3583.	Politics
Cloud computing adoption increased among businesses. The news quickly spread across social media. Reference ID 3584.	Technology
A cybersecurity update fixed major software vulnerabilities. Citizens welcomed the decision in many regions. Reference ID 3585.	Technology
The foreign minister met leaders to discuss trade relations. The announcement received mixed public reactions. Reference ID 3586.	Politics
The actor announced an upcoming action movie. Experts shared their opinions on the development. Reference ID 3587.	Entertainment
The athlete won a gold medal in the international event. Several analysts discussed the latest updates. Reference ID 3588.	Sports
The actor announced an upcoming action movie. The event attracted national media attention. Reference ID 3589.	Entertainment
The football team lifted the national championship trophy. The report highlighted important future plans. Reference ID 3590.	Sports
The film received excellent reviews from critics. The report highlighted important future plans. Reference ID 3591.	Entertainment
The election commission released the voting schedule. Several analysts discussed the latest updates. Reference ID 3592.	Politics
The chief minister launched a public welfare scheme. Citizens welcomed the decision in many regions. Reference ID 3593.	Politics
The film received excellent reviews from critics. The announcement received mixed public reactions. Reference ID 3594.	Entertainment
The athlete won a gold medal in the international event. Citizens welcomed the decision in many regions. Reference ID 3595.	Sports
A cybersecurity update fixed major software vulnerabilities. Several analysts discussed the latest updates. Reference ID 3596.	Technology
The actor announced an upcoming action movie. The news quickly spread across social media. Reference ID 3597.	Entertainment
The government announced a new tax policy to improve the economy. The event attracted national media attention. Reference ID 3598.	Politics
Cloud computing adoption increased among businesses. Officials expect significant long-term impact. Reference ID 3599.	Technology
A major bank reduced interest rates for home loans. Several analysts discussed the latest updates. Reference ID 3600.	Business
The football team lifted the national championship trophy. Several analysts discussed the latest updates. Reference ID 3601.	Sports
The athlete won a gold medal in the international event. The announcement received mixed public reactions. Reference ID 3602.	Sports
The singer released a new music album worldwide. Experts shared their opinions on the development. Reference ID 3603.	Entertainment
The tennis player reached the finals after a tough match. The report highlighted important future plans. Reference ID 3604.	Sports
The athlete won a gold medal in the international event. The event attracted national media attention. Reference ID 3605.	Sports
The director revealed the official movie trailer. Officials expect significant long-term impact. Reference ID 3606.	Entertainment
The election commission released the voting schedule. The announcement received mixed public reactions. Reference ID 3607.	Politics
The election commission released the voting schedule. Officials expect significant long-term impact. Reference ID 3608.	Politics
The foreign minister met leaders to discuss trade relations. Experts shared their opinions on the development. Reference ID 3609.	Politics
The football team lifted the national championship trophy. Several analysts discussed the latest updates. Reference ID 3610.	Sports
A leading tech company launched a new AI model. Officials expect significant long-term impact. Reference ID 3611.	Technology
The company reported strong quarterly profits. Several analysts discussed the latest updates. Reference ID 3612.	Business
Researchers developed an advanced machine learning system. Officials expect significant long-term impact. Reference ID 3613.	Technology
The company reported strong quarterly profits. The report highlighted important future plans. Reference ID 3614.	Business
The company reported strong quarterly profits. Officials expect significant long-term impact. Reference ID 3615.	Business
The startup introduced an innovative smart wearable device. Officials expect significant long-term impact. Reference ID 3616.	Technology
The film received excellent reviews from critics. The news quickly spread across social media. Reference ID 3617.	Entertainment
A major bank reduced interest rates for home loans. The announcement received mixed public reactions. Reference ID 3618.	Business
The film received excellent reviews from critics. The report highlighted important future plans. Reference ID 3619.	Entertainment
The foreign minister met leaders to discuss trade relations. The announcement received mixed public reactions. Reference ID 3620.	Politics
The film received excellent reviews from critics. The announcement received mixed public reactions. Reference ID 3621.	Entertainment
The tennis player reached the finals after a tough match. Citizens welcomed the decision in many regions. Reference ID 3622.	Sports
The stock market closed at a record high today. The announcement received mixed public reactions. Reference ID 3623.	Business
Parliament passed a new education reform bill after debate. The event attracted national media attention. Reference ID 3624.	Politics
A cybersecurity update fixed major software vulnerabilities. Experts shared their opinions on the development. Reference ID 3625.	Technology
The tennis player reached the finals after a tough match. The announcement received mixed public reactions. Reference ID 3626.	Sports
A cybersecurity update fixed major software vulnerabilities. Citizens welcomed the decision in many regions. Reference ID 3627.	Technology
The coach announced the squad for the upcoming tournament. The report highlighted important future plans. Reference ID 3628.	Sports
The election commission released the voting schedule. Several analysts discussed the latest updates. Reference ID 3629.	Politics
Cloud computing adoption increased among businesses. The announcement received mixed public reactions. Reference ID 3630.	Technology
A leading tech company launched a new AI model. Citizens welcomed the decision in many regions. Reference ID 3631.	Technology
The director revealed the official movie trailer. Citizens welcomed the decision in many regions. Reference ID 3632.	Entertainment
The annual film festival attracted thousands of visitors. Citizens welcomed the decision in many regions. Reference ID 3633.	Entertainment
A major bank reduced interest rates for home loans. Officials expect significant long-term impact. Reference ID 3634.	Business
The election commission released the voting schedule. The announcement received mixed public reactions. Reference ID 3635.	Politics
The coach announced the squad for the upcoming tournament. Experts shared their opinions on the development. Reference ID 3636.	Sports
The foreign minister met leaders to discuss trade relations. Several analysts discussed the latest updates. Reference ID 3637.	Politics
The annual film festival attracted thousands of visitors. Officials expect significant long-term impact. Reference ID 3638.	Entertainment
Investors welcomed the latest financial announcement. The announcement received mixed public reactions. Reference ID 3639.	Business
The football team lifted the national championship trophy. The announcement received mixed public reactions. Reference ID 3640.	Sports
The coach announced the squad for the upcoming tournament. Experts shared their opinions on the development. Reference ID 3641.	Sports
India won the cricket match after a thrilling chase. The news quickly spread across social media. Reference ID 3642.	Sports
Parliament passed a new education reform bill after debate. Officials expect significant long-term impact. Reference ID 3643.	Politics
Investors welcomed the latest financial announcement. Officials expect significant long-term impact. Reference ID 3644.	Business
The athlete won a gold medal in the international event. The event attracted national media attention. Reference ID 3645.	Sports
A major bank reduced interest rates for home loans. Experts shared their opinions on the development. Reference ID 3646.	Business
The tennis player reached the finals after a tough match. Several analysts discussed the latest updates. Reference ID 3647.	Sports
The director revealed the official movie trailer. Experts shared their opinions on the development. Reference ID 3648.	Entertainment
The startup introduced an innovative smart wearable device. Officials expect significant long-term impact. Reference ID 3649.	Technology
The director revealed the official movie trailer. Officials expect significant long-term impact. Reference ID 3650.	Entertainment
The annual film festival attracted thousands of visitors. Citizens welcomed the decision in many regions. Reference ID 3651.	Entertainment
The chief minister launched a public welfare scheme. Officials expect significant long-term impact. Reference ID 3652.	Politics
The election commission released the voting schedule. The report highlighted important future plans. Reference ID 3653.	Politics
A major bank reduced interest rates for home loans. Experts shared their opinions on the development. Reference ID 3654.	Business
The stock market closed at a record high today. The announcement received mixed public reactions. Reference ID 3655.	Business
The stock market closed at a record high today. The announcement received mixed public reactions. Reference ID 3656.	Business
The director revealed the official movie trailer. Citizens welcomed the decision in many regions. Reference ID 3657.	Entertainment
The tennis player reached the finals after a tough match. The report highlighted important future plans. Reference ID 3658.	Sports
The chief minister launched a public welfare scheme. The report highlighted important future plans. Reference ID 3659.	Politics
The film received excellent reviews from critics. Citizens welcomed the decision in many regions. Reference ID 3660.	Entertainment
The company reported strong quarterly profits. The event attracted national media attention. Reference ID 3661.	Business
The chief minister launched a public welfare scheme. The announcement received mixed public reactions. Reference ID 3662.	Politics
The film received excellent reviews from critics. Officials expect significant long-term impact. Reference ID 3663.	Entertainment
The director revealed the official movie trailer. The news quickly spread across social media. Reference ID 3664.	Entertainment
The football team lifted the national championship trophy. The news quickly spread across social media. Reference ID 3665.	Sports
The tennis player reached the finals after a tough match. Experts shared their opinions on the development. Reference ID 3666.	Sports
A major bank reduced interest rates for home loans. Several analysts discussed the latest updates. Reference ID 3667.	Business
The government announced a new tax policy to improve the economy. The event attracted national media attention. Reference ID 3668.	Politics
Cloud computing adoption increased among businesses. The event attracted national media attention. Reference ID 3669.	Technology
The film received excellent reviews from critics. Officials expect significant long-term impact. Reference ID 3670.	Entertainment
The merger created one of the largest retail companies. The report highlighted important future plans. Reference ID 3671.	Business
The startup introduced an innovative smart wearable device. Experts shared their opinions on the development. Reference ID 3672.	Technology
The chief minister launched a public welfare scheme. Citizens welcomed the decision in many regions. Reference ID 3673.	Politics
The athlete won a gold medal in the international event. Experts shared their opinions on the development. Reference ID 3674.	Sports
The company reported strong quarterly profits. The news quickly spread across social media. Reference ID 3675.	Business
A cybersecurity update fixed major software vulnerabilities. The announcement received mixed public reactions. Reference ID 3676.	Technology
A leading tech company launched a new AI model. Citizens welcomed the decision in many regions. Reference ID 3677.	Technology
The startup introduced an innovative smart wearable device. The announcement received mixed public reactions. Reference ID 3678.	Technology
A cybersecurity update fixed major software vulnerabilities. Citizens welcomed the decision in many regions. Reference ID 3679.	Technology
Researchers developed an advanced machine learning system. Officials expect significant long-term impact. Reference ID 3680.	Technology
The foreign minister met leaders to discuss trade relations. The announcement received mixed public reactions. Reference ID 3681.	Politics
Investors welcomed the latest financial announcement. Citizens welcomed the decision in many regions. Reference ID 3682.	Business
The athlete won a gold medal in the international event. The announcement received mixed public reactions. Reference ID 3683.	Sports
The election commission released the voting schedule. The news quickly spread across social media. Reference ID 3684.	Politics
Investors welcomed the latest financial announcement. Several analysts discussed the latest updates. Reference ID 3685.	Business
A cybersecurity update fixed major software vulnerabilities. Experts shared their opinions on the development. Reference ID 3686.	Technology
The foreign minister met leaders to discuss trade relations. Several analysts discussed the latest updates. Reference ID 3687.	Politics
The film received excellent reviews from critics. The announcement received mixed public reactions. Reference ID 3688.	Entertainment
The annual film festival attracted thousands of visitors. The event attracted national media attention. Reference ID 3689.	Entertainment
The film received excellent reviews from critics. Experts shared their opinions on the development. Reference ID 3690.	Entertainment
The startup introduced an innovative smart wearable device. Experts shared their opinions on the development. Reference ID 3691.	Technology
A cybersecurity update fixed major software vulnerabilities. Experts shared their opinions on the development. Reference ID 3692.	Technology
A leading tech company launched a new AI model. Experts shared their opinions on the development. Reference ID 3693.	Technology
The athlete won a gold medal in the international event. The report highlighted important future plans. Reference ID 3694.	Sports
The foreign minister met leaders to discuss trade relations. Citizens welcomed the decision in many regions. Reference ID 3695.	Politics
The foreign minister met leaders to discuss trade relations. Several analysts discussed the latest updates. Reference ID 3696.	Politics
A leading tech company launched a new AI model. Officials expect significant long-term impact. Reference ID 3697.	Technology
The chief minister launched a public welfare scheme. The report highlighted important future plans. Reference ID 3698.	Politics
The football team lifted the national championship trophy. Several analysts discussed the latest updates. Reference ID 3699.	Sports
The film received excellent reviews from critics. The report highlighted important future plans. Reference ID 3700.	Entertainment
The startup introduced an innovative smart wearable device. The news quickly spread across social media. Reference ID 3701.	Technology
The government announced a new tax policy to improve the economy. Experts shared their opinions on the development. Reference ID 3702.	Politics
The coach announced the squad for the upcoming tournament. Citizens welcomed the decision in many regions. Reference ID 3703.	Sports
The coach announced the squad for the upcoming tournament. The event attracted national media attention. Reference ID 3704.	Sports
The film received excellent reviews from critics. The event attracted national media attention. Reference ID 3705.	Entertainment
India won the cricket match after a thrilling chase. The announcement received mixed public reactions. Reference ID 3706.	Sports
The singer released a new music album worldwide. Officials expect significant long-term impact. Reference ID 3707.	Entertainment
The startup introduced an innovative smart wearable device. Officials expect significant long-term impact. Reference ID 3708.	Technology
The government announced a new tax policy to improve the economy. Citizens welcomed the decision in many regions. Reference ID 3709.	Politics
A leading tech company launched a new AI model. Experts shared their opinions on the development. Reference ID 3710.	Technology
A major bank reduced interest rates for home loans. The news quickly spread across social media. Reference ID 3711.	Business
The athlete won a gold medal in the international event. The announcement received mixed public reactions. Reference ID 3712.	Sports
The company reported strong quarterly profits. The announcement received mixed public reactions. Reference ID 3713.	Business
India won the cricket match after a thrilling chase. The news quickly spread across social media. Reference ID 3714.	Sports
India won the cricket match after a thrilling chase. The report highlighted important future plans. Reference ID 3715.	Sports
The actor announced an upcoming action movie. Citizens welcomed the decision in many regions. Reference ID 3716.	Entertainment
A major bank reduced interest rates for home loans. The report highlighted important future plans. Reference ID 3717.	Business
The coach announced the squad for the upcoming tournament. The report highlighted important future plans. Reference ID 3718.	Sports
The tennis player reached the finals after a tough match. The event attracted national media attention. Reference ID 3719.	Sports
The company reported strong quarterly profits. The announcement received mixed public reactions. Reference ID 3720.	Business
The chief minister launched a public welfare scheme. The report highlighted important future plans. Reference ID 3721.	Politics
The government announced a new tax policy to improve the economy. The news quickly spread across social media. Reference ID 3722.	Politics
Researchers developed an advanced machine learning system. The announcement received mixed public reactions. Reference ID 3723.	Technology
The director revealed the official movie trailer. The report highlighted important future plans. Reference ID 3724.	Entertainment
The merger created one of the largest retail companies. Officials expect significant long-term impact. Reference ID 3725.	Business
The director revealed the official movie trailer. The report highlighted important future plans. Reference ID 3726.	Entertainment
The coach announced the squad for the upcoming tournament. Several analysts discussed the latest updates. Reference ID 3727.	Sports
The actor announced an upcoming action movie. Officials expect significant long-term impact. Reference ID 3728.	Entertainment
A cybersecurity update fixed major software vulnerabilities. The news quickly spread across social media. Reference ID 3729.	Technology
The singer released a new music album worldwide. The news quickly spread across social media. Reference ID 3730.	Entertainment
The merger created one of the largest retail companies. The report highlighted important future plans. Reference ID 3731.	Business
Investors welcomed the latest financial announcement. Officials expect significant long-term impact. Reference ID 3732.	Business
The football team lifted the national championship trophy. Citizens welcomed the decision in many regions. Reference ID 3733.	Sports
A leading tech company launched a new AI model. The announcement received mixed public reactions. Reference ID 3734.	Technology
A leading tech company launched a new AI model. The report highlighted important future plans. Reference ID 3735.	Technology
The coach announced the squad for the upcoming tournament. The report highlighted important future plans. Reference ID 3736.	Sports
The chief minister launched a public welfare scheme. The announcement received mixed public reactions. Reference ID 3737.	Politics
The actor announced an upcoming action movie. The event attracted national media attention. Reference ID 3738.	Entertainment
India won the cricket match after a thrilling chase. Officials expect significant long-term impact. Reference ID 3739.	Sports
The tennis player reached the finals after a tough match. The event attracted national media attention. Reference ID 3740.	Sports
Researchers developed an advanced machine learning system. Citizens welcomed the decision in many regions. Reference ID 3741.	Technology
The singer released a new music album worldwide. Several analysts discussed the latest updates. Reference ID 3742.	Entertainment
India won the cricket match after a thrilling chase. The news quickly spread across social media. Reference ID 3743.	Sports
Cloud computing adoption increased among businesses. Experts shared their opinions on the development. Reference ID 3744.	Technology
The election commission released the voting schedule. Experts shared their opinions on the development. Reference ID 3745.	Politics
The actor announced an upcoming action movie. Experts shared their opinions on the development. Reference ID 3746.	Entertainment
Investors welcomed the latest financial announcement. The event attracted national media attention. Reference ID 3747.	Business
A major bank reduced interest rates for home loans. Experts shared their opinions on the development. Reference ID 3748.	Business
The director revealed the official movie trailer. Officials expect significant long-term impact. Reference ID 3749.	Entertainment
The actor announced an upcoming action movie. Officials expect significant long-term impact. Reference ID 3750.	Entertainment
A major bank reduced interest rates for home loans. Several analysts discussed the latest updates. Reference ID 3751.	Business
The director revealed the official movie trailer. Experts shared their opinions on the development. Reference ID 3752.	Entertainment
A cybersecurity update fixed major software vulnerabilities. Citizens welcomed the decision in many regions. Reference ID 3753.	Technology
The government announced a new tax policy to improve the economy. The announcement received mixed public reactions. Reference ID 3754.	Politics
The stock market closed at a record high today. The event attracted national media attention. Reference ID 3755.	Business
The chief minister launched a public welfare scheme. The announcement received mixed public reactions. Reference ID 3756.	Politics
The election commission released the voting schedule. Experts shared their opinions on the development. Reference ID 3757.	Politics
The stock market closed at a record high today. The news quickly spread across social media. Reference ID 3758.	Business
The company reported strong quarterly profits. The announcement received mixed public reactions. Reference ID 3759.	Business
Cloud computing adoption increased among businesses. Experts shared their opinions on the development. Reference ID 3760.	Technology
The director revealed the official movie trailer. Officials expect significant long-term impact. Reference ID 3761.	Entertainment
The actor announced an upcoming action movie. The announcement received mixed public reactions. Reference ID 3762.	Entertainment
The football team lifted the national championship trophy. The news quickly spread across social media. Reference ID 3763.	Sports
The tennis player reached the finals after a tough match. Citizens welcomed the decision in many regions. Reference ID 3764.	Sports
The stock market closed at a record high today. Citizens welcomed the decision in many regions. Reference ID 3765.	Business
The company reported strong quarterly profits. The report highlighted important future plans. Reference ID 3766.	Business
The tennis player reached the finals after a tough match. Experts shared their opinions on the development. Reference ID 3767.	Sports
The tennis player reached the finals after a tough match. The event attracted national media attention. Reference ID 3768.	Sports
The coach announced the squad for the upcoming tournament. The news quickly spread across social media. Reference ID 3769.	Sports
A leading tech company launched a new AI model. Citizens welcomed the decision in many regions. Reference ID 3770.	Technology
Investors welcomed the latest financial announcement. The news quickly spread across social media. Reference ID 3771.	Business
Investors welcomed the latest financial announcement. The event attracted national media attention. Reference ID 3772.	Business
The government announced a new tax policy to improve the economy. The announcement received mixed public reactions. Reference ID 3773.	Politics
The election commission released the voting schedule. The announcement received mixed public reactions. Reference ID 3774.	Politics
The stock market closed at a record high today. The announcement received mixed public reactions. Reference ID 3775.	Business
The actor announced an upcoming action movie. The news quickly spread across social media. Reference ID 3776.	Entertainment
Parliament passed a new education reform bill after debate. The news quickly spread across social media. Reference ID 3777.	Politics
The annual film festival attracted thousands of visitors. The event attracted national media attention. Reference ID 3778.	Entertainment
The company reported strong quarterly profits. Several analysts discussed the latest updates. Reference ID 3779.	Business
Researchers developed an advanced machine learning system. Citizens welcomed the decision in many regions. Reference ID 3780.	Technology
The company reported strong quarterly profits. The report highlighted important future plans. Reference ID 3781.	Business
Cloud computing adoption increased among businesses. The report highlighted important future plans. Reference ID 3782.	Technology
The election commission released the voting schedule. The news quickly spread across social media. Reference ID 3783.	Politics
The singer released a new music album worldwide. The report highlighted important future plans. Reference ID 3784.	Entertainment
Cloud computing adoption increased among businesses. Citizens welcomed the decision in many regions. Reference ID 3785.	Technology
The foreign minister met leaders to discuss trade relations. Officials expect significant long-term impact. Reference ID 3786.	Politics
The government announced a new tax policy to improve the economy. The news quickly spread across social media. Reference ID 3787.	Politics
India won the cricket match after a thrilling chase. Officials expect significant long-term impact. Reference ID 3788.	Sports
The company reported strong quarterly profits. Experts shared their opinions on the development. Reference ID 3789.	Business
The film received excellent reviews from critics. Citizens welcomed the decision in many regions. Reference ID 3790.	Entertainment
The company reported strong quarterly profits. The report highlighted important future plans. Reference ID 3791.	Business
The election commission released the voting schedule. The news quickly spread across social media. Reference ID 3792.	Politics
Researchers developed an advanced machine learning system. The event attracted national media attention. Reference ID 3793.	Technology
A cybersecurity update fixed major software vulnerabilities. Citizens welcomed the decision in many regions. Reference ID 3794.	Technology
Researchers developed an advanced machine learning system. Experts shared their opinions on the development. Reference ID 3795.	Technology
The film received excellent reviews from critics. The report highlighted important future plans. Reference ID 3796.	Entertainment
Parliament passed a new education reform bill after debate. The announcement received mixed public reactions. Reference ID 3797.	Politics
The merger created one of the largest retail companies. The news quickly spread across social media. Reference ID 3798.	Business
The company reported strong quarterly profits. The announcement received mixed public reactions. Reference ID 3799.	Business
The director revealed the official movie trailer. The announcement received mixed public reactions. Reference ID 3800.	Entertainment
The election commission released the voting schedule. Officials expect significant long-term impact. Reference ID 3801.	Politics
The annual film festival attracted thousands of visitors. The news quickly spread across social media. Reference ID 3802.	Entertainment
The annual film festival attracted thousands of visitors. The event attracted national media attention. Reference ID 3803.	Entertainment
The actor announced an upcoming action movie. Experts shared their opinions on the development. Reference ID 3804.	Entertainment
The athlete won a gold medal in the international event. Several analysts discussed the latest updates. Reference ID 3805.	Sports
The government announced a new tax policy to improve the economy. Officials expect significant long-term impact. Reference ID 3806.	Politics
A major bank reduced interest rates for home loans. The announcement received mixed public reactions. Reference ID 3807.	Business
The athlete won a gold medal in the international event. The event attracted national media attention. Reference ID 3808.	Sports
Researchers developed an advanced machine learning system. Several analysts discussed the latest updates. Reference ID 3809.	Technology
Investors welcomed the latest financial announcement. The announcement received mixed public reactions. Reference ID 3810.	Business
The company reported strong quarterly profits. Several analysts discussed the latest updates. Reference ID 3811.	Business
The merger created one of the largest retail companies. The announcement received mixed public reactions. Reference ID 3812.	Business
Investors welcomed the latest financial announcement. Officials expect significant long-term impact. Reference ID 3813.	Business
The football team lifted the national championship trophy. Several analysts discussed the latest updates. Reference ID 3814.	Sports
The football team lifted the national championship trophy. The news quickly spread across social media. Reference ID 3815.	Sports
Investors welcomed the latest financial announcement. Officials expect significant long-term impact. Reference ID 3816.	Business
The football team lifted the national championship trophy. Officials expect significant long-term impact. Reference ID 3817.	Sports
The coach announced the squad for the upcoming tournament. The announcement received mixed public reactions. Reference ID 3818.	Sports
A major bank reduced interest rates for home loans. Citizens welcomed the decision in many regions. Reference ID 3819.	Business
Parliament passed a new education reform bill after debate. The announcement received mixed public reactions. Reference ID 3820.	Politics
The annual film festival attracted thousands of visitors. Experts shared their opinions on the development. Reference ID 3821.	Entertainment
The government announced a new tax policy to improve the economy. The announcement received mixed public reactions. Reference ID 3822.	Politics
The election commission released the voting schedule. The news quickly spread across social media. Reference ID 3823.	Politics
The director revealed the official movie trailer. Citizens welcomed the decision in many regions. Reference ID 3824.	Entertainment
The startup introduced an innovative smart wearable device. The event attracted national media attention. Reference ID 3825.	Technology
The annual film festival attracted thousands of visitors. Officials expect significant long-term impact. Reference ID 3826.	Entertainment
The actor announced an upcoming action movie. Several analysts discussed the latest updates. Reference ID 3827.	Entertainment
The football team lifted the national championship trophy. Officials expect significant long-term impact. Reference ID 3828.	Sports
The director revealed the official movie trailer. The report highlighted important future plans. Reference ID 3829.	Entertainment
The coach announced the squad for the upcoming tournament. The report highlighted important future plans. Reference ID 3830.	Sports
India won the cricket match after a thrilling chase. The report highlighted important future plans. Reference ID 3831.	Sports
The merger created one of the largest retail companies. Several analysts discussed the latest updates. Reference ID 3832.	Business
The startup introduced an innovative smart wearable device. Several analysts discussed the latest updates. Reference ID 3833.	Technology
The stock market closed at a record high today. The report highlighted important future plans. Reference ID 3834.	Business
A major bank reduced interest rates for home loans. Experts shared their opinions on the development. Reference ID 3835.	Business
The company reported strong quarterly profits. Several analysts discussed the latest updates. Reference ID 3836.	Business
A leading tech company launched a new AI model. The report highlighted important future plans. Reference ID 3837.	Technology
The stock market closed at a record high today. The announcement received mixed public reactions. Reference ID 3838.	Business
The coach announced the squad for the upcoming tournament. The report highlighted important future plans. Reference ID 3839.	Sports
The startup introduced an innovative smart wearable device. Several analysts discussed the latest updates. Reference ID 3840.	Technology
The film received excellent reviews from critics. The event attracted national media attention. Reference ID 3841.	Entertainment
The singer released a new music album worldwide. The report highlighted important future plans. Reference ID 3842.	Entertainment
The foreign minister met leaders to discuss trade relations. The announcement received mixed public reactions. Reference ID 3843.	Politics
A cybersecurity update fixed major software vulnerabilities. Officials expect significant long-term impact. Reference ID 3844.	Technology
A cybersecurity update fixed major software vulnerabilities. Citizens welcomed the decision in many regions. Reference ID 3845.	Technology
The merger created one of the largest retail companies. Experts shared their opinions on the development. Reference ID 3846.	Business
The football team lifted the national championship trophy. The news quickly spread across social media. Reference ID 3847.	Sports
Researchers developed an advanced machine learning system. The event attracted national media attention. Reference ID 3848.	Technology
The startup introduced an innovative smart wearable device. Officials expect significant long-term impact. Reference ID 3849.	Technology
The director revealed the official movie trailer. Experts shared their opinions on the development. Reference ID 3850.	Entertainment
The annual film festival attracted thousands of visitors. The news quickly spread across social media. Reference ID 3851.	Entertainment
A leading tech company launched a new AI model. Officials expect significant long-term impact. Reference ID 3852.	Technology
The annual film festival attracted thousands of visitors. The announcement received mixed public reactions. Reference ID 3853.	Entertainment
A cybersecurity update fixed major software vulnerabilities. The event attracted national media attention. Reference ID 3854.	Technology
A major bank reduced interest rates for home loans. The event attracted national media attention. Reference ID 3855.	Business
The film received excellent reviews from critics. The news quickly spread across social media. Reference ID 3856.	Entertainment
Cloud computing adoption increased among businesses. The news quickly spread across social media. Reference ID 3857.	Technology
The coach announced the squad for the upcoming tournament. Several analysts discussed the latest updates. Reference ID 3858.	Sports
The coach announced the squad for the upcoming tournament. The announcement received mixed public reactions. Reference ID 3859.	Sports
The coach announced the squad for the upcoming tournament. The announcement received mixed public reactions. Reference ID 3860.	Sports
Investors welcomed the latest financial announcement. Several analysts discussed the latest updates. Reference ID 3861.	Business
The government announced a new tax policy to improve the economy. The announcement received mixed public reactions. Reference ID 3862.	Politics
The startup introduced an innovative smart wearable device. The news quickly spread across social media. Reference ID 3863.	Technology
The stock market closed at a record high today. The report highlighted important future plans. Reference ID 3864.	Business
A cybersecurity update fixed major software vulnerabilities. Officials expect significant long-term impact. Reference ID 3865.	Technology
The company reported strong quarterly profits. Experts shared their opinions on the development. Reference ID 3866.	Business
The football team lifted the national championship trophy. The report highlighted important future plans. Reference ID 3867.	Sports
The singer released a new music album worldwide. The news quickly spread across social media. Reference ID 3868.	Entertainment
A major bank reduced interest rates for home loans. The report highlighted important future plans. Reference ID 3869.	Business
The government announced a new tax policy to improve the economy. The event attracted national media attention. Reference ID 3870.	Politics
Researchers developed an advanced machine learning system. Several analysts discussed the latest updates. Reference ID 3871.	Technology
The election commission released the voting schedule. Experts shared their opinions on the development. Reference ID 3872.	Politics
Researchers developed an advanced machine learning system. The news quickly spread across social media. Reference ID 3873.	Technology
The athlete won a gold medal in the international event. The report highlighted important future plans. Reference ID 3874.	Sports
The coach announced the squad for the upcoming tournament. Experts shared their opinions on the development. Reference ID 3875.	Sports
The football team lifted the national championship trophy. Citizens welcomed the decision in many regions. Reference ID 3876.	Sports
A cybersecurity update fixed major software vulnerabilities. Experts shared their opinions on the development. Reference ID 3877.	Technology
The startup introduced an innovative smart wearable device. The announcement received mixed public reactions. Reference ID 3878.	Technology
The coach announced the squad for the upcoming tournament. Several analysts discussed the latest updates. Reference ID 3879.	Sports
The company reported strong quarterly profits. Several analysts discussed the latest updates. Reference ID 3880.	Business
Parliament passed a new education reform bill after debate. The news quickly spread across social media. Reference ID 3881.	Politics
The singer released a new music album worldwide. The report highlighted important future plans. Reference ID 3882.	Entertainment
India won the cricket match after a thrilling chase. Citizens welcomed the decision in many regions. Reference ID 3883.	Sports
A major bank reduced interest rates for home loans. The event attracted national media attention. Reference ID 3884.	Business
The football team lifted the national championship trophy. Officials expect significant long-term impact. Reference ID 3885.	Sports
The startup introduced an innovative smart wearable device. Experts shared their opinions on the development. Reference ID 3886.	Technology
The director revealed the official movie trailer. The announcement received mixed public reactions. Reference ID 3887.	Entertainment
The government announced a new tax policy to improve the economy. The event attracted national media attention. Reference ID 3888.	Politics
The football team lifted the national championship trophy. The announcement received mixed public reactions. Reference ID 3889.	Sports
The football team lifted the national championship trophy. Experts shared their opinions on the development. Reference ID 3890.	Sports
A leading tech company launched a new AI model. The announcement received mixed public reactions. Reference ID 3891.	Technology
Investors welcomed the latest financial announcement. Citizens welcomed the decision in many regions. Reference ID 3892.	Business
The government announced a new tax policy to improve the economy. Officials expect significant long-term impact. Reference ID 3893.	Politics
The annual film festival attracted thousands of visitors. The announcement received mixed public reactions. Reference ID 3894.	Entertainment
Investors welcomed the latest financial announcement. The report highlighted important future plans. Reference ID 3895.	Business
A leading tech company launched a new AI model. Citizens welcomed the decision in many regions. Reference ID 3896.	Technology
The government announced a new tax policy to improve the economy. The event attracted national media attention. Reference ID 3897.	Politics
The election commission released the voting schedule. Experts shared their opinions on the development. Reference ID 3898.	Politics
The tennis player reached the finals after a tough match. Experts shared their opinions on the development. Reference ID 3899.	Sports
A cybersecurity update fixed major software vulnerabilities. The announcement received mixed public reactions. Reference ID 3900.	Technology
The company reported strong quarterly profits. The report highlighted important future plans. Reference ID 3901.	Business
Parliament passed a new education reform bill after debate. The news quickly spread across social media. Reference ID 3902.	Politics
India won the cricket match after a thrilling chase. Officials expect significant long-term impact. Reference ID 3903.	Sports
The actor announced an upcoming action movie. Experts shared their opinions on the development. Reference ID 3904.	Entertainment
Parliament passed a new education reform bill after debate. Several analysts discussed the latest updates. Reference ID 3905.	Politics
The film received excellent reviews from critics. The news quickly spread across social media. Reference ID 3906.	Entertainment
The government announced a new tax policy to improve the economy. Citizens welcomed the decision in many regions. Reference ID 3907.	Politics
The athlete won a gold medal in the international event. Experts shared their opinions on the development. Reference ID 3908.	Sports
The athlete won a gold medal in the international event. The news quickly spread across social media. Reference ID 3909.	Sports
The director revealed the official movie trailer. Experts shared their opinions on the development. Reference ID 3910.	Entertainment
The government announced a new tax policy to improve the economy. The news quickly spread across social media. Reference ID 3911.	Politics
India won the cricket match after a thrilling chase. The announcement received mixed public reactions. Reference ID 3912.	Sports
The election commission released the voting schedule. Several analysts discussed the latest updates. Reference ID 3913.	Politics
Investors welcomed the latest financial announcement. The event attracted national media attention. Reference ID 3914.	Business
The startup introduced an innovative smart wearable device. Experts shared their opinions on the development. Reference ID 3915.	Technology
The singer released a new music album worldwide. The announcement received mixed public reactions. Reference ID 3916.	Entertainment
The director revealed the official movie trailer. Experts shared their opinions on the development. Reference ID 3917.	Entertainment
The startup introduced an innovative smart wearable device. The report highlighted important future plans. Reference ID 3918.	Technology
The director revealed the official movie trailer. The event attracted national media attention. Reference ID 3919.	Entertainment
India won the cricket match after a thrilling chase. Citizens welcomed the decision in many regions. Reference ID 3920.	Sports
The director revealed the official movie trailer. Experts shared their opinions on the development. Reference ID 3921.	Entertainment
India won the cricket match after a thrilling chase. Several analysts discussed the latest updates. Reference ID 3922.	Sports
Cloud computing adoption increased among businesses. The report highlighted important future plans. Reference ID 3923.	Technology
The stock market closed at a record high today. Several analysts discussed the latest updates. Reference ID 3924.	Business
The election commission released the voting schedule. Officials expect significant long-term impact. Reference ID 3925.	Politics
The actor announced an upcoming action movie. The news quickly spread across social media. Reference ID 3926.	Entertainment
The merger created one of the largest retail companies. The news quickly spread across social media. Reference ID 3927.	Business
A cybersecurity update fixed major software vulnerabilities. Several analysts discussed the latest updates. Reference ID 3928.	Technology
The tennis player reached the finals after a tough match. Citizens welcomed the decision in many regions. Reference ID 3929.	Sports
The tennis player reached the finals after a tough match. The announcement received mixed public reactions. Reference ID 3930.	Sports
The annual film festival attracted thousands of visitors. Experts shared their opinions on the development. Reference ID 3931.	Entertainment
The election commission released the voting schedule. Citizens welcomed the decision in many regions. Reference ID 3932.	Politics
The director revealed the official movie trailer. Several analysts discussed the latest updates. Reference ID 3933.	Entertainment
Researchers developed an advanced machine learning system. The event attracted national media attention. Reference ID 3934.	Technology
Researchers developed an advanced machine learning system. The announcement received mixed public reactions. Reference ID 3935.	Technology
Investors welcomed the latest financial announcement. The announcement received mixed public reactions. Reference ID 3936.	Business
Parliament passed a new education reform bill after debate. Several analysts discussed the latest updates. Reference ID 3937.	Politics
The election commission released the voting schedule. The report highlighted important future plans. Reference ID 3938.	Politics
Investors welcomed the latest financial announcement. The event attracted national media attention. Reference ID 3939.	Business
The stock market closed at a record high today. Citizens welcomed the decision in many regions. Reference ID 3940.	Business
A leading tech company launched a new AI model. The report highlighted important future plans. Reference ID 3941.	Technology
The chief minister launched a public welfare scheme. The event attracted national media attention. Reference ID 3942.	Politics
The election commission released the voting schedule. Citizens welcomed the decision in many regions. Reference ID 3943.	Politics
India won the cricket match after a thrilling chase. Experts shared their opinions on the development. Reference ID 3944.	Sports
The annual film festival attracted thousands of visitors. The report highlighted important future plans. Reference ID 3945.	Entertainment
Researchers developed an advanced machine learning system. Officials expect significant long-term impact. Reference ID 3946.	Technology
The chief minister launched a public welfare scheme. Experts shared their opinions on the development. Reference ID 3947.	Politics
The startup introduced an innovative smart wearable device. The announcement received mixed public reactions. Reference ID 3948.	Technology
The annual film festival attracted thousands of visitors. Experts shared their opinions on the development. Reference ID 3949.	Entertainment
The chief minister launched a public welfare scheme. The report highlighted important future plans. Reference ID 3950.	Politics
The actor announced an upcoming action movie. Officials expect significant long-term impact. Reference ID 3951.	Entertainment
The election commission released the voting schedule. The announcement received mixed public reactions. Reference ID 3952.	Politics
The foreign minister met leaders to discuss trade relations. Officials expect significant long-term impact. Reference ID 3953.	Politics
India won the cricket match after a thrilling chase. Several analysts discussed the latest updates. Reference ID 3954.	Sports
The merger created one of the largest retail companies. Citizens welcomed the decision in many regions. Reference ID 3955.	Business
The football team lifted the national championship trophy. Citizens welcomed the decision in many regions. Reference ID 3956.	Sports
The government announced a new tax policy to improve the economy. The announcement received mixed public reactions. Reference ID 3957.	Politics
The annual film festival attracted thousands of visitors. The report highlighted important future plans. Reference ID 3958.	Entertainment
The foreign minister met leaders to discuss trade relations. Citizens welcomed the decision in many regions. Reference ID 3959.	Politics
The tennis player reached the finals after a tough match. Officials expect significant long-term impact. Reference ID 3960.	Sports
The stock market closed at a record high today. The news quickly spread across social media. Reference ID 3961.	Business
India won the cricket match after a thrilling chase. The announcement received mixed public reactions. Reference ID 3962.	Sports
The annual film festival attracted thousands of visitors. The event attracted national media attention. Reference ID 3963.	Entertainment
The startup introduced an innovative smart wearable device. The announcement received mixed public reactions. Reference ID 3964.	Technology
Researchers developed an advanced machine learning system. Officials expect significant long-term impact. Reference ID 3965.	Technology
Investors welcomed the latest financial announcement. Citizens welcomed the decision in many regions. Reference ID 3966.	Business
A cybersecurity update fixed major software vulnerabilities. The news quickly spread across social media. Reference ID 3967.	Technology
Investors welcomed the latest financial announcement. Several analysts discussed the latest updates. Reference ID 3968.	Business
A major bank reduced interest rates for home loans. The news quickly spread across social media. Reference ID 3969.	Business
The football team lifted the national championship trophy. Several analysts discussed the latest updates. Reference ID 3970.	Sports
A major bank reduced interest rates for home loans. The event attracted national media attention. Reference ID 3971.	Business
The election commission released the voting schedule. The report highlighted important future plans. Reference ID 3972.	Politics
The election commission released the voting schedule. Several analysts discussed the latest updates. Reference ID 3973.	Politics
The government announced a new tax policy to improve the economy. The announcement received mixed public reactions. Reference ID 3974.	Politics
The company reported strong quarterly profits. Citizens welcomed the decision in many regions. Reference ID 3975.	Business
The foreign minister met leaders to discuss trade relations. The event attracted national media attention. Reference ID 3976.	Politics
The company reported strong quarterly profits. Officials expect significant long-term impact. Reference ID 3977.	Business
The chief minister launched a public welfare scheme. Officials expect significant long-term impact. Reference ID 3978.	Politics
A cybersecurity update fixed major software vulnerabilities. The announcement received mixed public reactions. Reference ID 3979.	Technology
The annual film festival attracted thousands of visitors. The report highlighted important future plans. Reference ID 3980.	Entertainment
The company reported strong quarterly profits. The event attracted national media attention. Reference ID 3981.	Business
The actor announced an upcoming action movie. Citizens welcomed the decision in many regions. Reference ID 3982.	Entertainment
The stock market closed at a record high today. Several analysts discussed the latest updates. Reference ID 3983.	Business
The actor announced an upcoming action movie. Citizens welcomed the decision in many regions. Reference ID 3984.	Entertainment
The coach announced the squad for the upcoming tournament. The news quickly spread across social media. Reference ID 3985.	Sports
The startup introduced an innovative smart wearable device. The announcement received mixed public reactions. Reference ID 3986.	Technology
The athlete won a gold medal in the international event. Several analysts discussed the latest updates. Reference ID 3987.	Sports
Cloud computing adoption increased among businesses. The news quickly spread across social media. Reference ID 3988.	Technology
A leading tech company launched a new AI model. The event attracted national media attention. Reference ID 3989.	Technology
A cybersecurity update fixed major software vulnerabilities. The announcement received mixed public reactions. Reference ID 3990.	Technology
The film received excellent reviews from critics. The report highlighted important future plans. Reference ID 3991.	Entertainment
Investors welcomed the latest financial announcement. The report highlighted important future plans. Reference ID 3992.	Business
The government announced a new tax policy to improve the economy. Citizens welcomed the decision in many regions. Reference ID 3993.	Politics
Parliament passed a new education reform bill after debate. Experts shared their opinions on the development. Reference ID 3994.	Politics
A major bank reduced interest rates for home loans. The news quickly spread across social media. Reference ID 3995.	Business
The election commission released the voting schedule. Experts shared their opinions on the development. Reference ID 3996.	Politics
The film received excellent reviews from critics. Several analysts discussed the latest updates. Reference ID 3997.	Entertainment
The annual film festival attracted thousands of visitors. The news quickly spread across social media. Reference ID 3998.	Entertainment
The government announced a new tax policy to improve the economy. Citizens welcomed the decision in many regions. Reference ID 3999.	Politics
